interaction_title	interaction_type	feature	category_key	feature_id	status	summary	related_region	menu	shortcut	preconditions	edge_cases	acceptance_criteria
Quit Voyager	command	Control File Manager Window	FMW	FMW-001	배포 완료	앱을 종료	file_manager_window	Voyager	⌘Q	- 앱 활성 상태	-	-
Open New File Manager Window	command	Control File Manager Window	FMW	FMW-001	배포 완료	현재 사용 중인 데스크탑에서 새 File Manager 창을 생성해 새로운 세션을 시작	file_manager_window	File	⌘N	- 앱 활성 상태	- 사용 가능한 메모리가 부족한 상태에서 호출되는 경우	- 앱이 활성 상태일 때, 사용자가 해당 인터랙션을 호출하면, 현재 데스크탑에 새 File Manager Window가 하나 생성되고 활성 창으로 전환됨 - 시스템 메모리 또는 리소스 부족으로 새 창을 생성할 수 없는 상태일 때, 사용자가 해당 인터랙션을 호출하면, 새 창이 생성되지 않음
Close File Manager Window	command	Control File Manager Window	FMW	FMW-001	배포 완료	해당 File Manager 창을 닫음	file_manager_window	File	⌘⇧W	- 닫을 File Manager Window가 활성 상태	- 창에서 진행 중인 작업이 있는 상태의 작업이 있는 경우  - 같은 창에 대해 호출이 중복으로 되는 경우	- 닫을 File Manager Window가 활성 상태일 때, 저장되지 않은 변경사항이 없다면, 대상 창이 즉시 닫히고 관련 리소스가 정리됨 - 닫을 File Manager Window가 활성 상태일 때,  저장되지 않은 변경 사항이 있다면, 닫기 여부를 묻는 확인 대화를 표시하고 사용자가 닫기를 선택하면 창이 닫히고 관련 리소스가 정리됨 - File Manager Window가 이미 닫힘 처리 중인 상태일 때, 사용자가 해당 인터랙션을 추가로 호출하면, 중복 종료 동작을 새로 실행하지 않고 기존 종료 흐름만 유지함
Enter Full Screen for File Manager Window	command	Control File Manager Window	FMW	FMW-001	배포 완료	해당 File Manager 창을 전체 화면으로 전환	file_manager_window	View	⌘⌃F	- 대상 창이 전체 화면이 아닌 상태	-	- 대상 File Manager Window가 전체 화면이 아닌 상태일 때, 사용자가 해당 인터랙션을 호출하면, 대상 창이 macOS 전체 화면 모드로 전환됨
Exit Full Screen for File Manager Window	command	Control File Manager Window	FMW	FMW-001	배포 완료	전체 화면 모드의 해당 File Manager 창을 원래 창 크기로 되돌림	file_manager_window	View	⌘⌃F; ESC	- 대상 창이 전체 화면 상태	- 이전 창 위치/크기를 복원하기 위한 저장된 정보가 디스플레이 구성 변경 등으로 인해 유효하지 않은 경우	- 대상 File Manager Window가 전체 화면 상태일 때, 사용자가 해당 인터랙션을 호출하면, 전체 화면 모드가 해제되고 가능한 범위에서 직전 창 위치와 크기로 복원됨 - 이전 창 위치·크기 정보가 현재 디스플레이 구성과 맞지 않는 경우, 사용자가 해당 인터랙션을 호출하면, 전체 화면이 해제되고 현재 디스플레이에 적절한 합리적인 위치와 크기로 창이 복원됨
Minimize File Manager Window	command	Control File Manager Window	FMW	FMW-001	배포 완료	해당 File Manager 창을 macOS Dock으로 최소화	file_manager_window	Window	⌘M	- 대상 창이 최소화되지 않은 상태	-	- 대상 File Manager Window가 일반 창 상태일 때, 사용자가 해당 인터랙션을 호출하면, 대상 창이 Dock으로 최소화되며 다른 활성 창으로 전환됨
Keep File Manager Window on Top	command	Control File Manager Window	FMW	FMW-001	준비 완료	File Manager 창을 다른 앱보다 항상 위로 고정	file_manager_window	Window	-	-	-	- 대상 File Manager Window가 일반 창 상태일 때, 사용자가 해당 인터랙션을 호출하면, 해당 창이 “항상 위” 상태로 전환되어 다른 일반 창보다 위에 유지됨 - 대상 File Manager Window이 이미 "항상 위" 상태 일 떄, 사용자가 해당 인터랙션을 다시 호출하면, 해당 창은 일반 창 상태로 전환됨
Adjust File Manager Window Size	input	Control File Manager Window	FMW	FMW-001	배포 완료	File Manager 창의 Width/Hegith를 최소-최대 범위 내에서 조정	file_manager_window	-	-	-	- 사용자가 창 크기를 최소 허용 크기보다 더 작게 드래그하려는 경우 - 사용자가 창 크기를 최대 허용 크기보다 더 크게 드래그하려는 경우	- 사용자가 해당 File Manager Window의 Size를 줄이려고 할 때, 최소 너비와 높이 이하로 줄이려고 하는 경우, 창 크기는 최소값에서 멈추고 더 작게 줄어들지 않음 - 사용자가 해당 File Manager Window의 Size를 늘리려고 할 때, 현재 위치한 데크스탑의 너비와 높이 이상 늘이려고 하는 경우, 창 크기는 데스크탑의 가장자리에서 멈추고 더 이상 늘지 않음  - Sidebar가 표시 상태일 때, Content Pane의 너비가 Sidebar의 너비에 도달하는 경우, Hide Sidebar 인터랙션을 호출함 
Show Sidebar	command	Manage File Manager Window Panes	FMW	FMW-002	배포 완료	Sidebar를 File Manager의 좌측 영역에 고정되게 표시	file_manager_window.sidebar	View	⌘⌃S	- Sidebar가 숨김 상태	- 현재 창 너비가 표시되는 Sidebar의 설정된 너비보다 작은 경우	- Sidebar가 숨김 상태이고 창 너비가 Sidebar를 표시하기에 충분할 때, 사용자가 해당 인터랙션을 호출하면, Sidebar가 File Manager 좌측 영역에 기본 너비로 고정되어 표시됨 - 창 너비가 Sidebar 최소 너비보다 작은 상태일 때, 사용자가 해당 인터랙션을 호출하면, Sidebar의 최소 너비만큼 Window의 너비를 늘림
Hide Sidebar	command	Manage File Manager Window Panes	FMW	FMW-002	배포 완료	Sidebar를 File Manager에서 보이지 않게 숨김	file_manager_window.sidebar	View	⌘⌃S	- Sidebar가 표시 상태	- 사용자가 Sidebar 내부 요소와 인터랙션 중 호출되는 경우	- Sidebar가 표시 상태일 때, 사용자가 해당 인터랙션을 호출하면, Sidebar가 숨김 상태로 전환되고 Content Pane이 좌측으로 확장됨 - 사용자가 Sidebar 내부 요소와 인터랙션 중일 때, 사용자가 해당 인터랙션을 호출하면, 현재 상호작용을 안전하게 종료한 뒤 후속 처리를 함 
Adjust Sidebar Width	input	Manage File Manager Window Panes	FMW	FMW-002	배포 완료	Sidebar의 Width를 최소-최대 범위 내에서 조정	file_manager_window.sidebar	-	-	- Sidebar가 표시 상태	- 사용자가 최소 너비 허용값 이하로 조정하려는 경우  - 사용자가 최대 너비 허용값 이상으로 조정하려는 경우  - 너비 조정 중 Hide Sidebar가 호출되는 경우	- Sidebar가 표시 상태일 때, 사용자가 해당 인터랙션을 호출하면, Sidebar Width가 정의된 최소-최대 범위 내에서만 변경됨 - Sidebar 너비를 최소 허용값 이하로 줄이려는 상태에서 사용자가 해당 인터랙션을 호출하면, Hide Sidebar 인터랙션을 호출함 - Sidebar 너비를 늘리려 할 때, 특정한 값에 도달한다면, 해당 값에서 더 이상 증가하지 않음
Draw Hidden Sidebar	command	Manage File Manager Window Panes	FMW	FMW-002	기획 완료	숨겨진 Sidebar를 File Manager의 좌측 영역에 일시적으로 표시	file_manager_window.sidebar	-	-	- Sidebar가 숨김 상태	- 사용자가 Sidebar 내부 요소와 인터랙션하는 중 인식 범위를 벗어나는 경우	- Sidebar가 숨김 상태일 때, 사용자가 해당 인터랙션을 호출하면, Sidebar가 좌측에서 일시적으로 슬라이드 인되어 표시되고 사용자 포인터나 포커스가 Sidebar 영역을 벗어나면 자동으로 다시 숨겨짐 - Sidebar가 숨김 상태일 때, 사용자가 해당 인터랙션을 반복 호출하면, Sidebar 임시 표시 상태가 갱신되거나 유지되어 사용자가 내용을 확인할 수 있음
Show Inspector Pane	command	Manage File Manager Window Panes	FMW	FMW-002	기획 완료	Inspector Pane을 File Manager의 우측 영역에 고정되게 표시	file_manager_window.inspector_pane	View	-	- Inspector Pane이 숨김 상태	-	- Inspector Pane가 숨김 상태일 때, 사용자가 해당 인터랙션을 호출하면, Inspector Pane이 File Manager 우측 영역에 표시됨 - Inspector Pane이 표시될 때, 숨긴 시점의 Pane Mode가 Chat Pane이 아니라면, 해당 Pane Mode로 렌더링됨
Hide Inspector Pane	command	Manage File Manager Window Panes	FMW	FMW-002	기획 완료	Inspector Pane을 File Manage에서 보이지 않게 숨김	file_manager_window.inspector_pane	View	-	- Inspector Pane이 표시 상태	-	- Inspector Pane이 표시 상태일 때, 사용자가 해당 인터랙션을 호출하면, Inspector Pane이 숨김 상태로 전환되고 Content Pane이 우측으로 확장됨
Adjust Inspector Pane Width	input	Manage File Manager Window Panes	FMW	FMW-002	기획 완료	Inspector Pane의 Width를 최소-최대 범위 내에서 조정	file_manager_window.inspector_pane	-	-	- Inspector Pane이 표시 상태	- 최소 너비 이하로 조정되는 경우  - 최대 너비 이상으로 조정되는 경우  - 너비 조정 중 Hide Inspector Pane이 호출되는 경우	- Inspector Pane이 표시 상태일 때, 사용자가 해당 인터랙션을 호출하면, Inspector Pane Width가 정의된 최소-최대 범위 내에서만 변경됨 - Inspector Pane 너비를  줄이려 할 때, 최소 허용값 이하로 줄이려 한다면, Inspector Pane Width가 최소값에서 멈춤 - Inspector Pane 너비를 늘리려 할 때,  최대 허용값 이상으로 늘리려 한다면, Inspector Pane Width가 최대값에서 더 이상 증가하지 않음
Navigate Pages	command	Navigate Pages	EVM	EVM-001	배포 완료	Content Pane에서 Entry 클릭하거나 선택해 현재 Content Tab Page를 새 Page로 전환	file_manager_window.content_pane	-	-	- 페이지 전환 대상이 유효한 상태  - 해당 대상을 표시할 권한 또는 접근성이 확보된 상태	- 전환 대상이 삭제되었거나, 접근 권한이 사라진 경우 - 네트워크/외장 볼륨 내 전환 시 연결이 끊긴 경우  - 이미 같은 페이지로 이동하려는 경우	- Content Pane에 네비게이션 가능 대상이 있을 때, 사용자가 해당 대상을 선택하여 인터랙션을 호출하면 해당 타깃을 표시하는 페이지로 전환되고 히스토리에 새 점이 추가됨
Go Page History Back	command	Navigate Pages	EVM	EVM-001	배포 완료	현재 Content Tab Page History 상 이전 Page로 전환	file_manager_window.content_pane.content_header	Go	⌘[	- Content Tab Page History 상 이전 페이지가 존재하는 상태	- 이전 페이지 대상이 더 이상 접근이 불가능한 경우	- 페이지 히스토리에 이전 페이지가 있을 때, 사용자가 해당 인터랙션을 호출하면, 페이지 스택의 이전 항목으로 전환되고 현재 페이지는 히스토리 포인터 한 단계 뒤로 이동한 상태로 기록됨
Forward Page History	command	Navigate Pages	EVM	EVM-001	배포 완료	현재 Content Tab Page History 상 다음 Page로 전환	file_manager_window.content_pane.content_header	Go	⌘]	- Content Tab Page History 상 '앞으로' 이동 가능한 페이지가 존재하는 상태	- 다음 페이지 대상이 더 이상 접근이 불가능한 경우	- 페이지 히스토리에 앞으로 이동 가능한 페이지가 있을 때, 사용자가 해당 인터랙션을 호출하면, 페이지 스택의 다음 항목으로 전환되고 히스토리 포인터가 한 단계 앞으로 이동한 상태로 기록됨
Show Page History	command	Navigate Pages	EVM	EVM-001	배포 완료	현재 Content Tab의 페이지 히스토리를 드랍다운 리스트로 표시	file_manager_window.content_pane.content_header	-	-	- 현재 Content Tab Page History가 최소 1개 이상 존재하는 상태	-	- 페이지 히스토리가 한 개 이상 존재할 때, 사용자가 해당 인터랙션을 호출하면, 해당 Content Tab에서 페이지 전환 히스토리가 드랍다운 리스트로 표시됨  - 페이지 히스토리 드랍다운 리스트가 표시되었을 때, 사용자가 리스트 상 히스토리 항목을 선택하면, 해당 히스토리로 전환되고, 히스토리 포인터가 해당 위치로 이동한 상태로 기록됨
Go to Enclosing Directory	command	Navigate Pages	EVM	EVM-001	배포 완료	현재 Page가 표시하는 디렉토리의 상위 디렉토리로 이동	file_manager_window.content_pane	-	⌘▲	- 현재 페이지가 디렉토리 페이지인 상태	- 상위 디렉토리에 접근이 불가능한 경우	- 현재 페이지가 디렉토리 관련을 보여줄 때, 사용자가 해당 인터랙션을 호출하면, 상위 디렉토리 페이지가 로드되고 히스토리에 새로운 페이지로 추가됨
View Current Page Title	display	Navigate Pages	EVM	EVM-001	배포 완료	현재 Page의 제목을 표시	file_manager_window.content_pane.content_header	-	-	-	- 제목이 매우 긴 경우	- 현재 페이지가 디렉토리 관련 페이지일 때, 해당  - 현재 페이지가 콜렉션 페이지일 때,  - 현재 페이지가 채팅 페이지일 때,
Set Entries View as List (Table)	command	Configure Entries View	EVM	EVM-002	배포 완료	Entries View를 각 Entry에 대해 한 행으로 표시하며, 해당 Property를 열로 하는 레이아웃으로 전환	file_manager_window.content_pane	View	-	- 	-	- 현재 페이지가 Entries를 정상적으로 표시하고 있을 때, 사용자가 해당 인터랙션을 호출하면, Entry 구성이 리스트 레이아웃으로 전환되며 표시 속성은 기존 설정을 따름
Set Entries View as Icon (Grid)	command	Configure Entries View	EVM	EVM-002	배포 완료	Entries VIew를 각 아이콘으로 표현하는 그리드 레이아웃으로 전환	file_manager_window.content_pane	View	-	-	-	- 현재 페이지가 Entries를 정상적으로 표시하고 있을 때, 사용자가 해당 인터랙션을 호출하면, Entry 구성이 그리드 레이아웃으로 전환되며 정렬은 기존 설정을 따름
Set Entries View as Column	command	Configure Entries View	EVM	EVM-002	드래프트	Entries View를  왼쪽에서 오른쪽으로 상위 디렉토리에서 하위 디렉토리로 내려가는 3개의 세로 열로 구획된 레이아웃으로 전환 	file_manager_window.content_pane	View	-	-	-	- 현재 페이지가 Entries를 정상적으로 표시하고 있을 때, 사용자가 해당 인터랙션을 호출하면, Entry 구성이 컬럼 레이아웃으로 전환되며 정렬은 기존 설정을 따름
Set Entries View as Graph	command	Configure Entries View	EVM	EVM-002	드래프트	Entries View를 각 Entry 간 관계를 노드와 엣지 구조로 표현하는 레이아웃으로 전환	file_manager_window.content_pane	View	-	-	-	- 현재 페이지가 Entries를 정상적으로 표시하고 있을 때, 사용자가 해당 인터랙션을 호출하면, Entry 구성이 그래프 레이아웃으로 전환됨
Group Entries by Property	command	Configure Entries View	EVM	EVM-002	배포 완료	Entries View에서 선택한 Property를 기준으로 Entries를 그룹 섹션으로 묶어 같은 속성의 Entry 하나의 그룹 헤더 아래에 모아서 표시	file_manager_window.content_pane	View	-	- Entries View가 Icon View로 설정된 상태	- 선택한 프로퍼티 값이 일부 Entry에는 존재하지 않는 경우	- 현재 Entries View가 Icon View일 때, 해당 인터랙션을 호출하면, 선택한 프로퍼티를 기준으로 엔트리가 그룹 섹션으로 묶여 표시됨  - 특정 프로퍼티 그룹 섹션으로 묶여 표시될 때, 해당 프로퍼티가 없는 엔트리가 존재한다면, “미지정” 그룹에 표시됨 
Sort Entrires by Property	command	Configure Entries View	EVM	EVM-002	배포 완료	Entries View에서 선택한 Property를 기준으로 Entries 표시 순서를 정렬함	file_manager_window.content_pane	View	-	- Entries View가 List / Icon / Column VIew로 설정된 상태   - 정렬 가능한 프로퍼티가 정의된 상태	-	- 현재 페이지가 Entries를 정상적으로 표시하고 있을 때, 사용자가 해당 인터랙션을 호출하면, 선택한 프로퍼티 기준으로 Entries가 오름/내림차순으로 재정렬됨 - 선택한 프로퍼티로 정렬을 유지할 때, 엔트리 간 동일 값이 존재한다면, 기본적으로 이름을 2차 정렬 규칙으로 적용함
Show/Hide Hidden Entry	command	Configure Entries View	EVM	EVM-002	배포 완료	Entries View에서 숨김 설정된 Entry의 Entry 목록 상에 보이게 하거나, 보이지 않도록 토글	file_manager_window.content_pane	View	⌘⇧.	-	-	- 현재 Entry를 보여주는 페이지에 숨김 파일이 존재할 때, 해당 인터랙션을 호출하면, 숨김 설정된 엔트리가 뷰 상에 표시/해제됨 - 해당 인터랙션이 호출될 때, View Entry Counts in Current Page가 정상적으로 동작하면, 개수를 즉시 갱신함
Customize List View Column	input	Configure Entries View	EVM	EVM-002	준비 완료	Entries View가 리스트 레이아웃일 때, Entry 이름, 확장자, 크기, 날짜 등 표시할 속성 컬럼의 종류, 표시 여부, 순서를 편집	file_manager_window.content_pane	-	-	- Entries View가 List View로 설정된 상태	- 필수적으로 남겨야 하는 기본 컬럼까지 모두 숨기려 하는 경우	- Entries View가 List View로 설정된 상태일 때, 사용자가 컬럼 종류·표시 여부·순서를 편집하면, 리스트가 해당 설정대로 즉시 갱신됨 - 컬럼 편집을 수행하는 상태일 때, 사용자가 모든 컬럼을 숨기려 하면, 최소 이름 컬럼은 항상 유지됨  - 동일 탭 세션이 유지되는 상태일 때, 사용자가 컬럼 설정을 변경하면, 사용자 설정이 해당 탭 세션에서 지속 유지됨
View Entry Counts in Current Page	display	Configure Entries View	EVM	EVM-002	배포 완료	현재 Page에 존재하는 Entry의 총 개수를 표시	file_manager_window.content_pane	-	-	- 현재 페이지가 Entry를 보여주는 페이지인 상태	- 현재 페이지에 표시 가능한 Entry가 없는 경우  - 숨김 항목 표시 토글 상태에 따라 집계 대상이 달라지는 경우 	- 현재 페이지가 디렉토리, 콜렉션 등 Entry를 보여줄 수 있는 페이지일 때, Entry가 존재한다면, 개수를 집계하여 보여줌  - 현재 페이지가 디렉토리, 콜렉션 등 Entry를 보여줄 수 있는 페이지일 때, Entry가 존재하지 않는다면, 0개로 표시됨  - 사용자가 폴더 변경, 필터 변경, 숨김 토글 등 인터랙션을 실행했을 때, Entry 결과 집합의 개수가 변한다면, 즉시 갱신되어 반영됨
Show Selected Entry Counts	display	Configure Entries View	EVM	EVM-002	배포 완료	현재 Page에서 선택된 Entry의 개수를 표시함	file_manager_window.content_pane	-	-	- 현재 페이지가 Entry를 보여주는 페이지인 상태  - 하나 이상의 Entry가 선택된 상태	-	- 현재 페이지가 디렉토리, 콜렉션 등 Entry를 보여줄 수 있는 페이지일 때, 범위 선택, 다중 선택 등으로 선택한 Entry가 존재한다면, 현재 선택한 개수와 전체 개수를 함께 보여줌  - 선택한 Entry가 존재할 때, 이후 선택이 해제된다면, 즉시 반영되어 다시 View Entry Counts in Current Page를 표시함
Split Content Pane Vertically/Horizontally	command	Split Content Pane	EVM	EVM-003	기획 완료	현재 Content Pane을 수직 또는 수평으로 분할하여 두 개의 독립 뷰를 동시에 표시합니다	file_manager_window.content_pane	-	-	- Content Pane이 표시 상태. - 분할을 위한 최소 폭/높이가 확보된 상태. - 현재 Pane에 치명적 오류/모달 진행 중이 아닌 상태.	- 창/레이아웃이 너무 작아 두 Pane 최소 크기를 충족하지 못하는 경우. - Sidebar/Inspector가 넓게 열려 있어 분할 후 각 Pane 최소 폭을 만족하지 못하는 경우. - 현재 페이지가 렌더링 대기/오류로 분할 직후 동일 콘텐츠 동기화가 지연되는 경우.	- 사용자가 인터랙션을 호출하면 Content Pane이 지정한 방향(수직/수평)으로 즉시 두 Pane으로 분할됨. - 기본으로 두 Pane는 동일 페이지를 독립 스크롤로 표시하고, 중앙 디바이더가 생성됨. - 포커스는 새로 생성된 Pane로 전환되고 키보드 네비게이션이 해당 Pane에 라우팅됨.
Convert Split Pane Orientation	command	Split Content Pane	EVM	EVM-003	기획 완료	기존 분할된 Content Pane의 방향을 수직↔수평으로 전환합니다.	file_manager_window.content_pane	-	-	- Content Pane이 이미 분할 상태. - 레이아웃 변경을 위한 최소 폭/높이가 확보된 상태.	- 새 방향에서 각 Pane 최소 크기를 충족하지 못하는 경우 비율 재조정 또는 전환 불가 안내가 필요. - 고정된 UI(예: 최소 폭을 가진 Sidebar/Inspector)로 인해 균등 분할 불가한 경우.	- 사용자가 인터랙션을 호출하면 분할 방향이 수직↔수평으로 전환됨. - 기존 두 Pane의 콘텐츠/스크롤/선택 상태는 유지되며, 디바이더 위치는 가능한 범위에서 기존 비율을 반영해 재배치됨. - 제약으로 균등 분할이 불가하면 합리적 비율로 자동 조정하거나 안내를 표시함.
Seprated Splited Content Pane	command	Split Content Pane	EVM	EVM-003	기획 완료	두 분할 Pane의 세션/네비게이션을 분리하여 서로 다른 페이지/경로를 독립적으로 탐색합니다.	file_manager_window.content_pane	-	-	- Content Pane이 분할 상태. - 각 Pane의 히스토리/세션을 개별로 유지할 수 있는 상태.	- 한 Pane에서 접근 불가 경로/네트워크 끊김 발생 시 해당 Pane만 오류/안내를 표시하고 다른 Pane은 정상 유지. - 동일 리소스에 대한 동시 편집/잠금 충돌이 발생할 수 있는 경우.	- 사용자가 인터랙션을 호출하면 두 Pane의 세션/네비게이션이 분리되어 각 Pane에서 서로 다른 페이지/경로를 독립적으로 탐색 가능함. - 각 Pane의 히스토리는 별도로 기록되며, 링크/열기 등 액션은 현재 포커스 Pane에만 적용됨. - 한 Pane의 오류는 다른 Pane의 표시/조작에 영향을 주지 않음.
Adjust Splited Content Pane Size	input	Split Content Pane	EVM	EVM-003	기획 완료	분할된 Pane 사이의 디바이더를 드래그해 각 Pane의 크기를 조절합니다.	file_manager_window.content_pane	-	-	- Content Pane이 분할 상태. - 디바이더가 상호작용 가능 상태.	- 드래그로 한 Pane가 최소 허용 크기 이하로 줄어들려는 경우(클램핑). - 최대 허용 크기 이상으로 넓히려는 경우(클램핑). - 드래그 중 Sidebar/Inspector 토글로 가용 공간이 변해 즉시 재계산이 필요한 경우.	- 사용자가 디바이더를 드래그하면 두 Pane의 크기가 정의된 최소–최대 범위 내에서 실시간으로 조정됨. - 경계를 넘어가려는 경우 디바이더가 가장 가까운 허용값에서 멈춤. - 레이아웃 제약(예: Sidebar/Inspector 변화)이 발생하면 즉시 반영되어 겹침/잘림 없이 갱신됨.
Switch Focus between Split Panes	command	Split Content Pane	EVM	EVM-003	기획 완료	키보드 포커스를 좌/우(또는 상/하) Pane 사이에서 전환합니다.	file_manager_window.content_pane	-	-	- Content Pane이 분할 상태. - 포커스 전환 가능한 입력/상태(편집/모달 종료됨).	- 대상 Pane이 모달/입력 잠금 상태로 포커스 전환이 지연/불가한 경우. - 포커스 전환 직후 키보드 액션이 이전 Pane에 잔류 라우팅되는 레이스 조건.	- 사용자가 인터랙션을 호출하면 키보드 포커스가 좌/우(또는 상/하) Pane으로 즉시 전환됨. - 포커스 인디케이터가 전환된 Pane에 표시되고, 키보드 네비게이션/명령이 해당 Pane에만 라우팅됨. - 전환 불가 상태라면 안내를 표시하고 현재 포커스를 유지함.
Open Entry with Default App	command	Execute Entry	EAC	EAC-001	배포 완료	해당 Entry를 기본 앱으로 실행	file_manager_window.content_pane.page_container.page_mode_directory	File	⌘▼	- 하나 이상의 Entry가 선택된 상태 - 선택한 Entry에 대해 현재 사용자에게 최소 읽기 권한이 있는 상태	- 선택된 Entry가 파일 시스템 상에서 더 이상 존재하지 않는 경우 - 선택된 Entry에 기본 앱 매핑이 없거나 시스템이 해석할 수 없는 경우 - 클라우드/네트워크 스토리지 지연으로 Entry가 로컬에 아직 준비되지 않은 경우 - 선택된 Entry 수가 많아 일괄 실행 전에 사용자 확인이 필요한 경우	- 하나 이상의 Entry가 선택된 상태일 때, 사용자가 해당 인터랙션을 호출하면, 선택한 Entry들을 시스템 기본 앱으로 실행함. - 일부 Entry가 실행 불가한 상태일 때, 사용자가 해당 인터랙션을 호출하면, 실행 가능한 Entry만 실행하고 실패 대상과 사유를 사용자에게 안내함. - Entry가 선택되지 않은 상태일 때, 사용자가 해당 인터랙션을 호출하면, 아무 변화도 발생하지 않도록 함.
Open Entry with Selected App	command	Execute Entry	EAC	EAC-001	배포 완료	선택한 Entry를 사용자가 지정한 앱으로 실행	file_manager_window.content_pane.page_container.page_mode_directory	File	⌥⌘▼	- 하나 이상의 Entry가 선택된 상태 - 앱 선택 UI를 표시할 수 있는 상태	- 사용자가 앱 선택 UI를 취소하는 경우 - 선택한 앱이 설치되어 있지 않거나 실행 불가능한 경우 - 선택한 앱이 일부 Entry 유형을 지원하지 않는 경우	- 하나 이상의 Entry가 선택된 상태일 때, 사용자가 해당 인터랙션을 호출하면, 앱 선택 UI를 표시함. - 사용자가 앱을 선택한 상태일 때, 시스템이 실행을 시작하면, 선택한 Entry들을 지정한 앱으로 실행함. - 사용자가 앱 선택을 취소한 상태일 때, 시스템이 처리를 종료하면, 아무 변화도 발생하지 않도록 함.
Set Default App for Entry	command	Execute Entry	EAC	EAC-001	배포 완료	선택한 Entry의 파일 유형에 대해 기본 실행 앱을 설정	file_manager_window.content_pane.page_container.page_mode_directory	File	-	- 하나 이상의 Entry가 선택된 상태 - 기본 실행 앱으로 설정할 앱이 지정된 상태	- 선택된 Entry가 폴더이거나 파일 유형(UTType)을 확정할 수 없는 경우 - 선택된 Entry가 여러 파일 유형으로 섞여 단일 기본 앱 설정이 모호한 경우 - 시스템 정책/권한 문제로 기본 앱 변경을 적용할 수 없는 경우	- 기본 앱을 설정 가능한 파일이 선택된 상태일 때, 사용자가 해당 인터랙션을 호출하면, 선택된 Entry의 파일 유형에 대해 지정한 앱을 기본 실행 앱으로 설정함. - 여러 파일 유형이 섞여 있는 상태일 때, 사용자가 해당 인터랙션을 호출하면, 기본 앱 변경을 수행하지 않고 적용 불가 사유를 사용자에게 안내함. - 기본 앱 변경이 완료된 상태일 때, 사용자가 Open Entry with Default App을 호출하면, 변경된 기본 앱으로 실행되도록 함.
Quick Look Entry	command	Execute Entry	EAC	EAC-001	배포 완료	선택한 Entry의 내용을 볼 수 있는 Quick Look을 실행	file_manager_window.content_pane.page_container.page_mode_directory	View	Space, ⌘Y	- 하나 이상의 Entry가 선택된 상태 - Quick Look을 표시할 수 있는 UI 상태인 상태	- 선택된 Entry가 Quick Look 미지원 포맷이거나 프리뷰 생성에 실패하는 경우 - 클라우드/네트워크 지연으로 Entry가 로컬에 없어 즉시 프리뷰할 수 없는 경우 - Quick Look이 이미 표시 중인 경우	- 하나 이상의 Entry가 선택된 상태일 때, 사용자가 해당 인터랙션을 호출하면, Quick Look을 표시하고 선택된 Entry의 내용을 보여줌. - Quick Look이 이미 표시 중인 상태일 때, 사용자가 해당 인터랙션을 호출하면, Quick Look을 토글하거나 현재 선택 상태에 맞게 표시 대상을 갱신함. - 프리뷰 생성이 실패하는 상태일 때, 사용자가 해당 인터랙션을 호출하면, “미리보기 불가” 상태를 표시하고 실패 사유를 확인 가능하게 함.
Create New Folder	command	Organize Entries	EAC	EAC-002	배포 완료	현재 디렉토리에 새 폴더를 생성하고 곧바로 이름 편집 모드로 진입	file_manager_window.content_pane.page_container.page_mode_directory	File	⌘⇧N	- 현재 페이지가 디렉토리 컨텍스트를 가지는 상태 - 현재 디렉토리에 대해 쓰기 권한이 있는 상태	- 현재 디렉토리가 읽기 전용이거나 권한 부족인 경우 - 동일 이름 폴더가 이미 존재해 이름 충돌이 발생하는 경우 - 스토리지 지연으로 생성 결과 반영이 지연되는 경우	- 생성 가능한 디렉토리 컨텍스트일 때, 사용자가 해당 인터랙션을 호출하면, 현재 디렉토리에 새 폴더를 생성하고 곧바로 이름 편집 모드로 진입함. - 이름 충돌이 발생하는 상태일 때, 시스템이 폴더를 생성하면, 충돌을 회피하는 이름 규칙으로 생성하거나 사용자에게 이름 변경을 유도함. - 권한 문제로 생성할 수 없는 상태일 때, 사용자가 해당 인터랙션을 호출하면, 폴더를 생성하지 않고 실패 사유를 사용자에게 안내함.
Copy Entry(ies)	command	Organize Entries	EAC	EAC-002	배포 완료	선택한 Entry를 클립보드에 복사	file_manager_window.content_pane.page_container.page_mode_directory	Edit	⌘C	- 하나 이상의 Entry가 선택된 상태	- 선택된 Entry 중 일부가 접근 불가 또는 존재하지 않는 경우 - 선택된 Entry 수가 매우 많아 클립보드 기록이 지연되는 경우	- 하나 이상의 Entry가 선택된 상태일 때, 사용자가 해당 인터랙션을 호출하면, 선택한 Entry 참조를 클립보드에 “복사” 의도로 저장함. - 일부 Entry가 참조 불가한 상태일 때, 사용자가 해당 인터랙션을 호출하면, 참조 가능한 Entry만 저장하고 제외된 대상과 사유를 사용자에게 안내함. - Entry가 선택되지 않은 상태일 때, 사용자가 해당 인터랙션을 호출하면, 클립보드 상태를 변경하지 않도록 함.
Cut Entry(ies)	command	Organize Entries	EAC	EAC-002	배포 완료	선택한 Entry를 이동을 위한 잘라내기 상태로 클립보드에 저장	file_manager_window.content_pane.page_container.page_mode_directory	Edit	⌘X	- 하나 이상의 Entry가 선택된 상태	- 선택된 Entry가 이동 불가(권한/시스템 보호/읽기 전용 볼륨)일 가능성이 있는 경우 - 기존 클립보드에 다른 복사/잘라내기 대상이 저장되어 있는 경우	- 하나 이상의 Entry가 선택된 상태일 때, 사용자가 해당 인터랙션을 호출하면, 선택한 Entry 참조를 클립보드에 “이동(잘라내기)” 의도로 저장함. - 기존 클립보드에 대상이 존재하는 상태일 때, 사용자가 해당 인터랙션을 호출하면, 이전 클립보드 대상을 새 대상으로 대체함. - Entry가 선택되지 않은 상태일 때, 사용자가 해당 인터랙션을 호출하면, 클립보드 상태를 변경하지 않도록 함.
Paste Entry(ies)	command	Organize Entries	EAC	EAC-002	배포 완료	클립보드에 저장된 Entry를 현재 디렉토리에 붙여넣기	file_manager_window.content_pane.page_container.page_mode_directory	Edit	⌘V	- 클립보드에 하나 이상의 Entry 참조가 저장된 상태 - 현재 페이지가 디렉토리 컨텍스트를 가지는 상태 - 현재 디렉토리에 대해 쓰기 권한이 있는 상태	- 클립보드 참조 대상이 삭제·이동되어 접근 불가한 경우 - 대상 디렉토리에 동일 이름 Entry가 존재해 충돌이 발생하는 경우 - 잘라내기 의도에서 자기 자신/자기 하위로 이동하려는 경우 - 디스크 용량 부족/권한 부족으로 부분 성공이 발생하는 경우	- 클립보드에 Entry 참조가 있는 상태일 때, 사용자가 해당 인터랙션을 호출하면, 복사/이동 의도에 맞게 현재 디렉토리에 붙여넣기를 수행함. - 이름 충돌이 발생하는 상태일 때, 시스템이 붙여넣기를 수행하면, 충돌 해결 정책을 적용하거나 사용자에게 선택지를 제공함. - 클립보드가 비어 있거나 붙여넣기 불가한 상태일 때, 사용자가 해당 인터랙션을 호출하면, 작업을 수행하지 않고 사유를 사용자에게 안내함.
Duplicate Entry(ies)	command	Organize Entries	EAC	EAC-002	배포 완료	선택한 Entry의 복제본을 동일 위치에 생성	file_manager_window.content_pane.page_container.page_mode_directory	File	⌘D	- 하나 이상의 Entry가 선택된 상태 - 선택된 Entry가 위치한 디렉토리에 대해 쓰기 권한이 있는 상태	- 대상 위치에 쓰기 권한이 없어 복제가 불가능한 경우 - 대용량/다수 항목으로 복제 시간이 길어 진행 표시가 필요한 경우 - 복제본 이름 충돌이 발생하는 경우	- 복제 가능한 상태일 때, 사용자가 해당 인터랙션을 호출하면, 선택한 Entry의 복제본을 동일 위치에 생성함. - 이름 충돌이 발생하는 상태일 때, 시스템이 복제본을 생성하면, 충돌을 회피하는 이름 규칙으로 복제본 이름을 결정함. - 복제 불가한 상태일 때, 사용자가 해당 인터랙션을 호출하면, 복제를 수행하지 않고 실패 사유를 사용자에게 안내함.
Move Entry(ies)	command	Organize Entries	EAC	EAC-002	배포 완료	선택한 Entry를 지정한 대상 디렉토리로 이동	file_manager_window.content_pane.page_container.page_mode_directory	File	-	- 하나 이상의 Entry가 선택된 상태 - 이동 대상 디렉토리가 지정된 상태 - 대상 디렉토리에 대해 쓰기 권한이 있는 상태	- 대상 디렉토리가 현재 위치와 동일한 경우 - 폴더를 자기 자신 또는 자기 하위 디렉토리로 이동하려는 경우 - 이름 충돌 또는 권한 문제로 부분 성공이 발생하는 경우 - 볼륨 간 이동으로 복사+원본 삭제가 필요한 경우	- 이동 대상 디렉토리가 지정된 상태일 때, 사용자가 해당 인터랙션을 호출하면, 선택한 Entry를 대상 디렉토리로 이동함. - 볼륨 간 이동이 필요한 상태일 때, 시스템이 이동을 수행하면, 시스템 제약에 맞게 안전하게 처리하고 최종적으로 대상에 존재하도록 함. - 이동이 부분 성공하는 상태일 때, 시스템이 이동을 수행하면, 성공/실패 항목을 구분해 결과와 사유를 사용자에게 안내함.
Create Entry Alias	command	Organize Entries	EAC	EAC-002	배포 완료	선택한 Entry에 대한 Alias(바로가기)를 생성	file_manager_window.content_pane.page_container.page_mode_directory	File	⌃⌘A	- 하나 이상의 Entry가 선택된 상태 - Alias를 생성할 위치에 대해 쓰기 권한이 있는 상태	- Alias 파일 이름 충돌이 발생하는 경우 - 선택된 Entry가 삭제되어 원본 참조가 불가능한 경우 - 스토리지/파일 시스템 제약으로 Alias 생성을 지원하지 않는 경우	- Alias 생성이 가능한 상태일 때, 사용자가 해당 인터랙션을 호출하면, 선택한 Entry를 가리키는 Alias를 생성함. - 이름 충돌이 발생하는 상태일 때, 시스템이 Alias를 생성하면, 충돌을 회피하는 이름 규칙으로 Alias 이름을 결정함. - Alias 생성이 불가능한 상태일 때, 사용자가 해당 인터랙션을 호출하면, Alias를 생성하지 않고 실패 사유를 사용자에게 안내함.
Compress Entry(ies)	command	Organize Entries	EAC	EAC-002	배포 완료	선택한 Entry를 현재 디렉토리에 하나의 압축 파일로 생성	file_manager_window.content_pane.page_container.page_mode_directory	File	-	- 하나 이상의 Entry가 선택된 상태 - 압축 파일을 생성할 현재 디렉토리에 대해 쓰기 권한이 있는 상태	- 동일 이름의 압축 파일이 이미 존재해 충돌이 발생하는 경우 - 선택 항목이 많거나 커서 처리 시간이 길어 진행 표시가 필요한 경우 - 일부 항목이 접근 불가해 압축에 포함할 수 없는 경우	- 압축 생성이 가능한 상태일 때, 사용자가 해당 인터랙션을 호출하면, 선택한 Entry를 하나의 압축 파일로 생성함. - 이름 충돌이 발생하는 상태일 때, 시스템이 압축 파일을 생성하면, 충돌을 회피하는 이름 규칙을 적용하거나 사용자에게 선택지를 제공함. - 일부 항목이 포함 불가한 상태일 때, 시스템이 압축을 수행하면, 포함 가능한 항목만 압축하고 제외된 대상과 사유를 사용자에게 안내함.
Extract Compressed File(s)	command	Organize Entries	EAC	EAC-002	배포 완료	선택한 압축 파일을 현재 디렉토리 또는 지정한 위치로 해제	file_manager_window.content_pane.page_container.page_mode_directory	File	-	- 하나 이상의 압축 파일 Entry가 선택된 상태 - 압축 해제 대상 위치에 대해 쓰기 권한이 있는 상태	- 압축 파일이 손상되었거나 포맷을 지원하지 않는 경우 - 암호가 필요한 압축 파일인 경우 - 해제 결과가 기존 파일과 충돌하는 경우 - 디스크 용량 부족으로 부분 해제가 발생하는 경우	- 압축 파일이 선택된 상태일 때, 사용자가 해당 인터랙션을 호출하면, 현재 디렉토리 또는 지정한 위치로 압축을 해제함. - 암호가 필요한 상태일 때, 시스템이 해제를 수행하면, 암호 입력을 요청하고 올바른 암호가 제공되면 해제를 진행함. - 해제가 불가능하거나 부분 성공하는 상태일 때, 시스템이 해제를 수행하면, 성공/실패 결과와 사유를 사용자에게 안내함.
Move Entry(ies) to Trash	command	Manage Entry Lifecycle	EAC	EAC-003	배포 완료	선택한 Entry를 휴지통으로 이동	file_manager_window.content_pane.page_container.page_mode_directory	File	⌘⌫	- 하나 이상의 Entry가 선택된 상태 - 선택된 Entry를 휴지통으로 이동할 수 있는 상태	- 선택된 Entry가 잠겨 있거나 권한 부족으로 이동 불가능한 경우 - 클라우드/네트워크 지연으로 이동 반영이 지연되는 경우 - 일부만 이동 가능해 부분 성공이 발생하는 경우	- 휴지통 이동이 가능한 상태일 때, 사용자가 해당 인터랙션을 호출하면, 선택한 Entry를 휴지통으로 이동함. - 휴지통 이동이 수행된 상태일 때, 시스템이 처리하면, 복원을 위해 삭제 이전 경로 정보를 기록함. - 일부만 이동 가능한 상태일 때, 시스템이 이동을 수행하면, 성공/실패 항목과 사유를 사용자에게 안내함.
Delete Entry(ies) Immediately	command	Manage Entry Lifecycle	EAC	EAC-003	배포 완료	선택한 Entry를 휴지통을 거치지 않고 즉시 영구 삭제	file_manager_window.content_pane.page_container.page_mode_directory	File	⌥⌘⌫	- 하나 이상의 Entry가 선택된 상태 - 영구 삭제에 대한 사용자 확인을 획득한 상태	- 사용자가 확인 다이얼로그에서 취소하는 경우 - 권한 부족/파일 잠금으로 삭제가 실패하는 경우 - 일부만 삭제 가능해 부분 성공이 발생하는 경우	- 사용자 확인이 완료된 상태일 때, 사용자가 해당 인터랙션을 호출하면, 선택한 Entry를 휴지통 없이 영구 삭제함. - 사용자가 삭제를 취소한 상태일 때, 시스템이 처리를 종료하면, 삭제를 수행하지 않도록 함. - 일부만 삭제 가능한 상태일 때, 시스템이 삭제를 수행하면, 성공/실패 항목과 사유를 사용자에게 안내함.
Put Deleted Entry(ies) Back	command	Manage Entry Lifecycle	EAC	EAC-003	취소	선택한 휴지통의 Entry를 휴지통으로 가기 이전 경로로 복원	file_manager_window.content_pane.page_container.page_mode_directory	File	⌘⌫	- 휴지통 컨텍스트에서 하나 이상의 Entry가 선택된 상태 - 선택된 Entry의 삭제 이전 경로 정보를 확보한 상태	- 삭제 이전 경로가 더 이상 존재하지 않는 경우 - 삭제 이전 위치에 동일 이름 Entry가 존재해 충돌이 발생하는 경우 - 원래 위치 권한 부족으로 복원이 불가능한 경우	- 복원 가능한 상태일 때, 사용자가 해당 인터랙션을 호출하면, 선택한 휴지통 Entry를 삭제 이전 경로로 복원함. - 원래 경로가 유효하지 않은 상태일 때, 시스템이 복원을 시도하면, 대체 복원 위치를 요청하거나 복원을 중단하고 사유를 안내함. - 이름 충돌이 발생하는 상태일 때, 시스템이 복원을 수행하면, 충돌 해결 정책을 적용하거나 사용자에게 선택지를 제공함.
Empty Trash	command	Manage Entry Lifecycle	EAC	EAC-003	배포 완료	휴지통에 있는 모든 Entry를 영구 삭제	file_manager_window.content_pane.page_container.page_mode_directory	File	⇧⌘⌫	- 휴지통에 하나 이상의 Entry가 존재하는 상태 - 휴지통 비우기에 대한 사용자 확인을 획득한 상태	- 사용자가 확인 다이얼로그에서 취소하는 경우 - 일부 항목이 잠김/권한 문제로 삭제 불가능한 경우 - 항목 수가 많아 삭제 시간이 길어 진행 표시가 필요한 경우	- 사용자 확인이 완료된 상태일 때, 사용자가 해당 인터랙션을 호출하면, 휴지통의 모든 Entry를 영구 삭제함. - 사용자가 취소한 상태일 때, 시스템이 처리를 종료하면, 휴지통 비우기를 수행하지 않도록 함. - 일부 항목 삭제가 실패하는 상태일 때, 시스템이 비우기를 수행하면, 성공/실패 항목과 사유를 사용자에게 안내함.
Undo Entry Action	command	Manage Entry Lifecycle	EAC	EAC-003	배포 완료	최근 수행한 Entry 관련 액션을 되돌림	file_manager_window.content_pane.page_container.page_mode_directory	Edit	⌘Z	- 되돌릴 수 있는 최근 Entry 액션이 존재하는 상태 - Entry 관련 작업 실행이 진행 중이지 않은 상태	- 외부 변경으로 원상 복구 전제가 깨진 경우 - 마지막 작업이 영구 삭제 등 되돌리기 불가 작업인 경우	- Undo 가능한 액션이 존재하는 상태일 때, 사용자가 해당 인터랙션을 호출하면, 가장 최근의 Undo 가능한 Entry 액션을 되돌림. - Undo가 성공한 상태일 때, 시스템이 처리하면, Redo 스택을 갱신하고 관련 UI를 갱신함. - Undo가 불가능한 상태일 때, 사용자가 해당 인터랙션을 호출하면, 아무 변화도 발생하지 않도록 함.
Redo Entry Action	command	Manage Entry Lifecycle	EAC	EAC-003	배포 완료	Undo로 되돌린 최근 Entry 관련 액션을 다시 적용	file_manager_window.content_pane.page_container.page_mode_directory	Edit	⇧⌘Z	- 다시 적용 가능한 최근 Entry 액션이 존재하는 상태 - Entry 관련 작업 실행이 진행 중이지 않은 상태	- 외부 변경으로 재적용 전제가 깨진 경우 - Redo 대상 액션이 더 이상 유효하지 않은 경우	- Redo 가능한 액션이 존재하는 상태일 때, 사용자가 해당 인터랙션을 호출하면, 가장 최근의 Redo 가능한 Entry 액션을 다시 적용함. - Redo가 성공한 상태일 때, 시스템이 처리하면, Undo 스택을 갱신하고 관련 UI를 갱신함. - Redo가 불가능한 상태일 때, 사용자가 해당 인터랙션을 호출하면, 아무 변화도 발생하지 않도록 함.
Rename Entry	command	Edit System Property	EAC	EAC-004	배포 완료	선택한 Entry의 이름을 편집해 변경	file_manager_window.content_pane.page_container.page_mode_directory	File	Enter	- 하나의 Entry가 선택된 상태 - 선택한 Entry의 이름을 변경할 수 있는 상태	- 새 이름이 비어 있거나 파일명 규칙에 위배되는 경우 - 동일 이름 Entry가 이미 존재해 충돌이 발생하는 경우 - 권한 부족/파일 잠금/외부 변경으로 이름 변경이 실패하는 경우	- 하나의 Entry가 선택된 상태일 때, 사용자가 해당 인터랙션을 호출하면, 해당 Entry가 이름 편집 모드로 전환됨. - 유효한 새 이름이 확정된 상태일 때, 시스템이 적용하면, 파일 시스템 상의 이름이 변경되고 목록 표시가 갱신됨. - 이름 변경이 실패하는 상태일 때, 사용자가 확정하면, 변경을 적용하지 않고 실패 사유를 안내한 뒤 기존 이름을 유지하도록 함.
Edit Entry(ies) Tags	command	Edit System Property	EAC	EAC-004	기획 완료	선택한 Entry의 태그(라벨/색)를 추가·제거·변경	file_manager_window.content_pane.page_container.page_mode_directory	File	-	- 하나 이상의 Entry가 선택된 상태 - 선택된 Entry의 태그 메타데이터를 편집할 수 있는 상태	- 일부 Entry가 태그 쓰기를 지원하지 않는 스토리지에 있는 경우 - 권한 문제로 태그 쓰기가 불가능한 경우 - 다중 선택에서 서로 다른 기존 태그 조합으로 표시가 복잡한 경우	- 하나 이상의 Entry가 선택된 상태일 때, 사용자가 해당 인터랙션을 호출하면, 태그를 추가·제거·변경할 수 있는 UI를 표시함. - 태그 변경이 확정된 상태일 때, 시스템이 적용하면, 태그 메타데이터를 갱신하고 UI 표시를 반영함. - 일부 Entry에 적용 불가한 상태일 때, 시스템이 적용하면, 적용 가능한 Entry만 반영하고 실패 대상과 사유를 사용자에게 안내함.
Get Entry Info	command	Edit System Property	EAC	EAC-004	배포 완료	선택한 Entry의 상세 정보 패널을 표시	file_manager_window.content_pane.page_container.page_mode_directory	File	⌘I	- 하나 이상의 Entry가 선택된 상태	- 다중 선택 상태에서 일부 속성 집계가 지연되는 경우 - 선택된 Entry가 외부 변경으로 더 이상 존재하지 않는 경우	- 하나 이상의 Entry가 선택된 상태일 때, 사용자가 해당 인터랙션을 호출하면, 선택한 Entry의 상세 정보 패널을 표시함. - 다중 선택 상태일 때, 시스템이 정보 패널을 표시하면, 공통 속성은 통합 표시하고 집계 값은 계산 결과로 표시함. - 선택된 Entry가 유효하지 않은 상태일 때, 사용자가 해당 인터랙션을 호출하면, 제한된 정보만 표시하거나 표시를 중단하고 사유를 사용자에게 안내함.
Change Entry Permission(s)	command	Edit System Property	EAC	EAC-004	기획 완료	선택한 Entry의 읽기·쓰기·실행 권한과 소유자/그룹을 수정	file_manager_window.content_pane.page_container.page_mode_directory	File	-	- 하나 이상의 Entry가 선택된 상태 - 선택한 Entry의 권한을 변경할 권한을 현재 사용자가 가진 상태	- 시스템 인증(암호/Touch ID)이 필요한 경우 - 일부 Entry가 시스템 보호/읽기 전용 볼륨 등으로 변경 불가능한 경우 - 일부만 적용 가능해 부분 성공이 발생하는 경우	- 권한 변경이 가능한 상태일 때, 사용자가 해당 인터랙션을 호출하면, 권한/소유자/그룹을 수정할 수 있는 UI를 표시함. - 변경이 확정된 상태일 때, 시스템이 적용하면, 파일 시스템 권한을 갱신하고 결과를 UI에 반영함. - 변경이 불가능하거나 인증이 실패한 상태일 때, 사용자가 적용하면, 권한 변경을 수행하지 않고 사유를 사용자에게 안내함.
Batch Rename Entries	command	Edit System Property	EAC	EAC-004	준비 완료	선택한 여러 Entry의 이름에 패턴·번호 매김·문자열 치환 규칙을 적용해 일괄적으로 변경	file_manager_window.content_pane.page_container.page_mode_directory	File	-	- 두 개 이상의 Entry가 선택된 상태 - 선택된 Entry들에 대해 이름 변경을 적용할 수 있는 상태	- 규칙 적용 결과가 중복 이름을 생성하는 경우 - 규칙 적용 결과가 유효하지 않은 파일명을 생성하는 경우 - 일부 Entry만 권한 문제로 변경 불가능한 경우 - 사용자가 적용을 취소하는 경우	- 두 개 이상의 Entry가 선택된 상태일 때, 사용자가 해당 인터랙션을 호출하면, 배치 이름 변경 규칙 설정 및 결과 미리보기를 제공함. - 규칙이 확정된 상태일 때, 사용자가 적용하면, 선택된 Entry들의 이름을 규칙에 따라 일괄 변경함. - 적용이 취소되거나 적용 불가한 상태일 때, 사용자가 종료하면, 이름 변경을 수행하지 않도록 함.
Copy Absolute Path(s) of Entry(ies)	command	Copy Entry References	EAC	EAC-006	배포 완료	선택한 Entry의 절대 경로를 클립보드에 복사	file_manager_window.content_pane.page_container.page_mode_directory	Edit	⌥⌘C	- 하나 이상의 Entry가 선택된 상태	- 일부 Entry의 경로를 해석할 수 없는 경우 - 선택된 Entry 수가 많아 문자열 생성이 지연되는 경우	- 하나 이상의 Entry가 선택된 상태일 때, 사용자가 해당 인터랙션을 호출하면, 선택한 Entry의 절대 경로를 클립보드에 복사함. - 다중 선택 상태일 때, 시스템이 복사를 수행하면, 각 경로를 줄바꿈으로 구분해 저장함. - 일부 경로를 만들 수 없는 상태일 때, 시스템이 복사를 수행하면, 복사 가능한 항목만 포함하고 제외된 대상과 사유를 사용자에게 안내함.
Copy Releative Path(s) of Entry(ies)	command	Copy Entry References	EAC	EAC-006	취소	선택한 Entry의 현재 디렉토리를 기준으로 한 상대 경로를 클립보드에 복사	file_manager_window.content_pane.page_container.page_mode_directory	Edit	⌥⇧⌘C	- 하나 이상의 Entry가 선택된 상태 - 기준 디렉토리 컨텍스트를 확정할 수 있는 상태	- 기준 디렉토리 컨텍스트가 없는 화면에서 호출되는 경우 - 기준 디렉토리와 멀어 상대 경로가 복잡해지는 경우 - 일부 Entry가 기준 디렉토리와 다른 루트여서 계산이 불가한 경우	- 기준 디렉토리 컨텍스트가 있는 상태일 때, 사용자가 해당 인터랙션을 호출하면, 상대 경로를 계산해 클립보드에 복사함. - 기준 디렉토리 컨텍스트가 없는 상태일 때, 사용자가 해당 인터랙션을 호출하면, 상대 경로 복사를 수행하지 않고 사유를 사용자에게 안내함. - 일부 Entry만 계산 가능한 상태일 때, 시스템이 복사를 수행하면, 복사 가능한 항목만 포함하고 제외된 대상과 사유를 사용자에게 안내함.
Copy URL(s) of Entry(ies)	command	Copy Entry References	EAC	EAC-006	배포 완료	선택한 Entry의 파일 시스템 URL을 클립보드에 복사	file_manager_window.content_pane.page_container.page_mode_directory	Edit	⌥⌘U	- 하나 이상의 Entry가 선택된 상태	- 파일명/경로에 특수 문자가 포함되어 URL 인코딩이 필요한 경우 - 일부 Entry가 유효한 URL로 변환 불가능한 경우	- 하나 이상의 Entry가 선택된 상태일 때, 사용자가 해당 인터랙션을 호출하면, 선택한 Entry의 파일 시스템 URL을 클립보드에 복사함. - 다중 선택 상태일 때, 시스템이 복사를 수행하면, 각 URL을 줄바꿈으로 구분해 저장함. - 일부 URL을 만들 수 없는 상태일 때, 시스템이 복사를 수행하면, 복사 가능한 항목만 포함하고 제외된 대상과 사유를 사용자에게 안내함.
Show Services	command											
Show Quick Action Menu	command											
Share Entry(ies) via System Share Sheet	command											
Run Initial Indexing	background	Index Entries	EIX	EIX-001	배포 완료	온보딩 완료 후 인덱싱 대상으로 설정된 전체 워크스페이스에 대해 초기 인덱싱을 실행해 검색·추천에 사용할 기본 인덱스를 생성	-	-	-	- 인덱싱에 대한 온보딩이 진행된 상태 - 인덱싱 대상으로 설정된 스토리지 경로에 대한 파일 접근 권한을 획득한 상태  - Entry Indexing 진행이 일시 중지되지 않은 상태	- 대상 스토리지가 연결 해제되었거나 경로가 더 이상 존재하지 않는 경우  - 권한이 일부만 허용되어 일부 하위 경로만 접근 가능한 경우 - 초기 인덱싱 도중 앱 종료·크래시·강제 재시작이 발생하는 경우  - 대상 엔트리 수가 매우 많아 배치 처리 또는 스로틀링이 필요한 경우	- 인덱싱에 대한 온보딩이 진행된 상태일 때, 시스템이 초기 인덱싱을 시작하면, 인덱싱 대상으로 설정된 스토리지의 엔트리를 스캔해 인덱싱 큐에 등록하고 실행 상태를 기록함 - 시스템이 초기 인덱싱을 수행 중인 상태일 때, 인덱싱 제외 규칙이 존재한다면, 제외 규칙에 매칭되는 엔트리는 큐에 등록하지 않고 결과에서도 제외함 - 시스템이 초기 인덱싱을 수행 중인 상태일 때, 대상 스토리지가 연결 해제되었거나 경로가 더 이상 존재하지 않는다면, 해당 스토리지/경로를 실패 또는 누락 대상으로 기록하고 나머지 접근 가능한 범위의 인덱싱은 계속함 - 시스템이 초기 인덱싱을 수행 중인 상태일 때, 권한이 일부만 허용되어 일부 하위 경로만 접근 가능하다면, 접근 가능한 하위 경로는 인덱싱하고 접근 불가 경로는 실패로 기록함 - 초기 인덱싱 도중 앱 종료·크래시·강제 재시작이 발생할 때, 앱이 재실행되면, 마지막 기록된 진행 상태를 복원하고 미완료 작업을 재개 또는 재큐잉함 - 시스템이 초기 인덱싱을 수행 중인 상태일 때, 대상 엔트리 수가 매우 많다면, 작업을 배치로 분할하고 스로틀링 정책에 따라 처리량을 제어하면서 진행 상태를 갱신함
Index New Entries	background	Index Entries	EIX	EIX-001	배포 완료	파일 시스템에서 새로 생성·추가된 Entry를 감지해 해당 Entry에 대해 시스템 프로퍼티·콘텐츠 기반 프로퍼티·임베딩 인덱스를 실행하고 인덱스를 생성	-	-	-	- 파일 시스템 변경 감지가 활성화된 상태  - 신규 Entry가 인덱싱 제외 규칙에 포함되지 않은 상태  - Entry Indexing 진행이 일시 중지되지 않은 상태	- 엔트리 생성 직후 아직 쓰기 중이거나 잠금 상태로 남아 있는 경우  - 신규 엔트리 생성 감지 후 인덱싱 중에 변경·삭제되는 경우 - 동일 경로에서 대량 생성 이벤트가 짧은 시간에 몰리는 경우  - 권한 또는 스토리지 연결 문제로 신규 엔트리에 접근할 수 없는 경우	- 파일 시스템 변경 감지가 활성화된 상태일 때, 시스템이 신규 엔트리를 감지하면, 제외 규칙 적용 후 인덱싱 파이프라인 작업을 생성하고 시스템·콘텐츠·임베딩 단계 작업을 큐에 순서대로 등록함 - 시스템이 신규 엔트리 인덱싱을 수행 중인 상태일 때, 엔트리 생성 직후 아직 쓰기 중이거나 잠금 상태로 남은 상태라면, 안정화될 때까지 지연 처리하고 이후 재시도함 - 시스템이 신규 엔트리 인덱싱을 수행 중인 상태일 때, 신규 엔트리 생성 감지 후 인덱싱 중에 변경·삭제된다면, 최신 상태 기준으로 증분 갱신하거나 삭제된 경우 인덱스 항목을 제거함 - 시스템이 신규 엔트리 인덱싱을 수행 중인 상태일 때, 동일 경로에서 대량 생성 이벤트가 짧은 시간에 몰린다면, 큐 등록을 배치/스로틀링하고 중복 작업을 병합해 처리함 - 시스템이 신규 엔트리 인덱싱을 수행 중인 상태일 때, 권한 또는 스토리지 연결 문제로 신규 엔트리에 접근할 수 없다면, 실패 항목을 기록하고 재시도 가능 상태로 유지함
Update Index for Changed Entries	background	Index Entries	EIX	EIX-001	배포 완료	수정·이동·삭제된 Entry를 감지해 해당 Entry에 대해 시스템·콘텐츠·임베딩 인덱스를 증분 갱신하거나 제거	-	-	-	- 파일 시스템 변경 이벤트를 수신한 상태 - 변경된 Entry가 인덱싱 대상이거나 기존 인덱스에 존재하는 상태  - Entry Indexing 진행이 일시 중지되지 않은 상태	- 이동·이름 변경·수정 이벤트가 연속으로 발생해 이벤트 순서가 뒤섞이는 경우 - 변경 처리 중 대상 엔트리가 삭제되어 대상이 사라지는 경우 - 변경된 엔트리가 제외 규칙에 새롭게 매칭되어 대상에서 제외되는 경우	- 파일 시스템 변경 감지가 활성화된 상태일 때, 시스템이 파일 시스템 변경 이벤트를 수신한다면, 해당 유형에 맞는 증분 갱신 또는 제거 작업을 큐에 등록하고 실행 결과를 기록함 - 시스템이 변경 처리를 수행할 때, 이동·이름 변경·수정 이벤트가 연속으로 발생해 이벤트 순서가 뒤섞인다면, 동일 엔트리에 대한 이벤트를 병합/정규화해 최종 상태 기준으로 인덱스를 갱신함 - 시스템이 변경 처리를 수행할 때, 변경 처리 중 대상 엔트리가 삭제되어 대상이 사라진다면, 오류로 중단하지 않고 제거 작업으로 전환해 인덱스 항목을 정리함 - 시스템이 변경 처리를 수행할 때, 변경된 엔트리가 제외 규칙에 새롭게 매칭되어 대상에서 제외된다면, 해당 엔트리를 인덱싱 큐와 검색 결과에서 제외하고 필요 시 인덱스 항목을 제거함
Reindex All Entries	background	Index Entries	EIX	EIX-001	준비 완료	워크스페이스 전체에 대해 시스템·콘텐츠·임베딩 인덱스를 다시 실행해 손상되었거나 오래된 인덱스를 초기화·복구	-	-	-	- Entry Indexing 진행이 일시 중지되지 않은 상태 - 전체 재인덱싱 작업이 이미 진행 중이지 않은 상태	- 스토리지 연결 해제 또는 권한 철회로 대상 일부가 접근 불가가 되는 경우 - 인덱스 저장소 손상 또는 스키마 마이그레이션 등으로 재생성이 필요한 경우 - 디스크 공간·메모리 부족으로 일부 단계가 실패하는 경우	- 엔트리 인덱싱 진행이 일시 중지되지 않은 상태일 때, 시스템이 전체 재인덱싱을 시작하면, 인덱싱 대상으로 설정된 전체 스토리지 범위를 재스캔하고 시스템·콘텐츠·임베딩 인덱스를 새 실행으로 재생성함 - 전체 재인덱싱 작업이 이미 진행 중이지 않은 상태일 때, 시스템이 재인덱싱을 시작하면, 중복 실행을 만들지 않고 단일 실행으로 진행 상태를 기록함 - 시스템이 재인덱싱이 수행 중일 때, 스토리지 연결 해제 또는 권한 철회로 대상 일부가 접근 불가가 된다면, 접근 가능한 범위는 처리하고 접근 불가 항목은 실패로 기록함 - 시스템이 재인덱싱을 완료했을 때, 인덱스 저장소 손상 또는 스키마 마이그레이션 등으로 재생성이 필요하다면, 새 인덱스로 스위치오버해 손상/구버전 인덱스를 복구함 - 시스템이 재인덱싱을 수행 중일 때, 디스크 공간·메모리 부족으로 일부 단계가 실패한다면, 실패 항목을 기록하고 가능한 범위의 처리는 계속함
Show Indexing Status	display	Monitor Indexing Status	EIX	EIX-002	준비 완료	인덱싱 큐 길이, 진행률에 대한 엔트리 인덱싱 상태를 요약해 표시	file_manager_window.sidebar.sidebar_footer	-	-	- 엔트리 인덱싱이 진행 중인 상태	- 엔트리 인덱싱이 진행 중인데 인덱싱 상태 요약 표시가 노출되지 않는 경우 - 인덱싱 상태 요약 표시가 노출된 상태에서 인덱싱이 완료·일시 중지·실패로 전환되는 경우	- 엔트리 인덱싱이 진행 중인 상태일 때, 시스템이 인덱싱 상태를 집계하면, 인덱싱 큐 길이와 진행률을 요약해 표시함 - 엔트리 인덱싱이 진행 중인 상태일 때, 시스템이 인덱싱 상태를 갱신하면, 요약 표시의 큐 길이·진행률 값을 최신 상태로 업데이트함 - 엔트리 인덱싱이 진행 중인 상태일 때, 인덱싱 상태 요약 표시가 노출되지 않는다면, 시스템이 인덱싱 상태를 갱신해 요약 표시를 다시 노출함 - 인덱싱이 완료·일시 중지·실패로 전환될 때, 시스템이 상태 전환을 반영하면, 요약 표시를 전환된 상태에 맞게 갱신함
Pause Entry Indexing	command	Monitor Indexing Status	EIX	EIX-002	준비 완료	백그라운드 엔트리 인덱싱 작업을 일시 중지하고, 이후 재개할 수 있도록 현재 인덱싱 대기 상태를 유지	file_manager_window.sidebar.sidebar_footer	-	-	- 엔트리 인데싱이 실행 중인 상태  - 엔트리 인덱싱이 일시 중지 상태가 아닌 상태	- 일시 중지 요청 시점에 인덱싱이 이미 완료·실패로 전환된 경우 - 일시 중지 상태에서 파일 시스템 변경이 발생하는 경우	- 엔트리 인덱싱이 계속 진행 중일 때, 사용자가 해당 인터랙션을 호출하면, 시스템이 엔트리 인덱싱을 일시 중지 상태로 전환하고 인덱싱 큐의 처리를 중단함 - 엔트리 인덱싱이 일시 중지 상태로 전환될 때, 시스템이 상태 전환을 반영하면, 인덱싱 상태 요약 표시를 일시 중지 상태로 갱신함 - 일시 중지 요청 시점에 인덱싱이 이미 완료·실패로 전환된 경우일 때, 시스템이 일시 중지를 처리하면, 일시 중지 상태로 전환하지 않고 전환된 상태를 유지함 - 일시 중지 상태에서 파일 시스템 변경이 발생하는 경우일 때, 시스템이 이벤트를 처리하면, 변경 이벤트를 기준으로 즉시 인덱싱을 수행하지 않고 재개 시점에 델타 스캔으로 변경분을 수집해 인덱싱 큐에 반영함
Resume Entry Indexing	command	Monitor Indexing Status	EIX	EIX-002	준비 완료	일시 중지된 엔트리 인덱싱 작업을 재개	file_manager_window.sidebar.sidebar_footer	-	-	- 엔트리 인덱싱이 일시 중지된 상태	- 재개 시점에 스토리지 연결 해제 또는 권한 문제로 델타 스캔이 불완전한 경우 - 재개 시점에 변경분이 매우 많아 큐 처리가 지연되는 경우	- 엔트리 인덱싱이 일시 중지된 상태일 때, 사용자가 해당 인터랙션을 호출하면, 시스템이 일시 중지를 해제하고 인덱싱 큐의 처리를 재개함 - 엔트리 인덱싱을 재개할 때, 시스템이 델타 스캔을 수행하면, 마지막 인덱싱 기준 이후 변경된 엔트리를 수집해 인덱싱 큐에 반영함 - 재개 시점에 스토리지 연결 해제 또는 권한 문제로 델타 스캔이 불완전한 경우일 때, 시스템이 델타 스캔 결과를 반영하면, 접근 가능한 범위의 변경분만 큐에 반영하고 접근 불가 범위는 실패 또는 누락으로 기록함 - 재개 시점에 변경분이 매우 많아 큐 처리가 지연되는 경우일 때, 시스템이 인덱싱 큐를 처리하면, 작업을 배치로 분할하고 처리량을 제어하면서 진행 상태를 갱신함
Show Indexing Failures	display	Monitor Indexing Status	EIX	EIX-002	준비 완료	인덱싱 실패 항목들을 나열하고, 각 항목의 실패 단계와 오류 요약을 표시	file_manager_window.sidebar.sidebar_footer	-	-	- 인덱싱 실패 항목이 존재하는 상태	- 대상 엔트리가 삭제되었거나 경로가 변경되어 실패 항목의 표시 정보가 불완전한 경우 - 실패 항목의 오류 요약을 생성·조회할 수 없는 경우	- 인덱싱 실패 항목이 존재하는 상태일 때, 시스템이 실패 항목 목록을 표시하면, 실패 항목들을 리스트로 나열함  - 실패 항목 목록을 표시가 될 때, 대상 엔트리가 삭제되었거나 경로가 변경되어 표시 정보가 불완전하다면, 마지막으로 기록된 식별 정보로 항목을 표시하고, 현재 정보 확인 불가 상태를 함께 표시함 - 실패 항목 목록을 표시가 될 때, 실패 항목의 오류 요약을 생성·조회할 수 없다면, 오류 요약 대신 요약 불가 상태를 표시하고 실패 단계는 표시함 - 실패 항목 목록 표시를 확인할 때, 사용자가 추가적인 인터랙션을 한다면, 각 항목별로 실패 단계와 오류 요약을 확인할 수 있음
Retry Selected Indexing Failure	command	Monitor Indexing Status	EIX	EIX-002	준비 완료	선택한 인덱싱 실패 항목의 인덱싱을 재시도	file_manager_window.sidebar.sidebar_footer	-	-	- 인덱싱 실패 항목이 선택된 상태	- 실패 원인이 지속되어 재시도가 반복 실패하는 경우 - 대상 엔트리가 삭제되었거나 경로가 변경되어 재시도가 불가능한 경우	- 인덱싱 실패 항목이 선택된 상태일 때, 사용자가 해당 인터랙션을 호출하면, 시스템이 선택한 실패 항목을 재시도 작업으로 등록하고 항목 상태를 재시도 진행 상태로 갱신함 - 실패 항목 인덱싱 재시도를 했을 때, 실패 원인이 지속되어 재시도가 반복 실패한다면, 실패 상태를 유지하고 오류 요약을 최신 정보로 갱신함 - 실패 항목 인덱싱 재시도를 했을 때, 대상 엔트리가 삭제되었거나 경로가 변경되어 재시도가 불가능하다면, 재시도 불가 사유를 기록하고 항목 상태를 실패로 유지함
Show Indexed Entries	display	Configure Indexed Entries	EIX	EIX-003	준비 완료	인덱싱이 완료된 엔트리 목록을 표시	settings_window.settings_body.tab_indexing	-	-	- 인덱싱 설정 화면이 표시된 상태	- 인덱싱 대상이 비어 있는 경우 - 인덱싱 상태 갱신 중이라 트리 목록이 일시적으로 최신이 아닌 경우	- 인덱싱 설정 화면이 표시된 상태일 때, 시스템이 인덱싱 완료 엔트리 목록을 로드하면, 인덱싱이 완료된 엔트리를 계층 구조의 리스트로 표시함 - 인덱싱이 완료된 엔트리가 없는 경우일 때, 시스템이 트리 리스트를 표시하면, 빈 상태를 표시함 - 인덱싱이 진행 중인 상태일 때, 시스템이 인덱싱 완료 상태를 갱신하면, 트리 리스트에 새로 완료된 엔트리를 반영해 목록을 갱신함 - 트리 리스트가 표시된 상태일 때, 사용자가 경로 노드를 확장·접기하면, 시스템이 해당 하위 노드를 표시하거나 숨김 처리함
Show Indexing Exclusion Rules	display	Configure Indexed Entries	EIX	EIX-003	준비 완료	gitignore와 같은 정규표현식 규칙 기반으로 인덱싱에서 제외되는 경로·패턴 규칙을 표시	settings_window.settings_body.tab_indexing	-	-	- 인덱싱 설정 화면이 표시된 상태	- 제외 목록이 비어 있는 경우	- 인덱싱 설정 화면이 표시된 상태일 때, 시스템이 제외 규칙을 로드하면, gitignore와 같은 정규표현식 규칙 기반 제외 규칙 목록을 표시함 - 제외 목록이 비어 있는 경우일 때, 시스템이 규칙 목록을 표시하면, 빈 상태를 표시함
Create Indexing Exclusion Rule	command	Configure Indexed Entries	EIX	EIX-003	준비 완료	인덱싱 제외 규칙을 새로 생성해 규칙 목록에 추가	settings_window.settings_body.tab_indexing	-	-	- 제외 규칙 편집 화면이 표시된 상태	- 입력한 경로·패턴이 유효하지 않아 규칙을 저장할 수 없는 경우 - 새 규칙이 기존 규칙과 중복되는 경우	- 제외 규칙 편집 화면이 표시된 상태일 때, 사용자가 규칙 생성을 저장하면, 시스템이 새 제외 규칙을 생성하고 규칙 목록에 반영함 - 입력한 경로·패턴이 유효하지 않은 경우일 때, 사용자가 저장하면, 시스템이 저장을 차단하고 유효하지 않은 입력을 표시함 - 새 규칙이 기존 규칙과 중복되는 경우일 때, 사용자가 저장하면, 시스템이 저장을 차단하거나 충돌을 해소하도록 안내함
Update Indexing Exclusion Rule	command	Configure Indexed Entries	EIX	EIX-003	준비 완료	기존 인덱싱 제외 규칙을 수정해 규칙 목록에 반영	settings_window.settings_body.tab_indexing	-	-	- 제외 규칙 편집 화면이 표시된 상태 - 수정할 제외 규칙이 선택된 상태	- 입력한 경로·패턴이 유효하지 않아 규칙을 저장할 수 없는 경우 - 수정 결과가 기존 규칙과 중복되는 경우	- 수정할 제외 규칙이 선택된 상태일 때, 사용자가 규칙 수정을 저장하면, 시스템이 해당 규칙을 갱신하고 규칙 목록에 반영함 - 입력한 경로·패턴이 유효하지 않은 경우일 때, 사용자가 저장하면, 시스템이 저장을 차단하고 유효하지 않은 입력을 표시함 - 수정 결과가 기존 규칙과 중복되는 경우일 때, 사용자가 저장하면, 시스템이 저장을 차단하거나 충돌을 해소하도록 안내함
Delete Indexing Exclusion Rule	command	Configure Indexed Entries	EIX	EIX-003	준비 완료	선택한 인덱싱 제외 규칙을 삭제해 규칙 목록에서 제거	settings_window.settings_body.tab_indexing	-	-	- 삭제할 제외 규칙이 선택된 상태	-	- 삭제할 제외 규칙이 선택된 상태일 때, 사용자가 삭제를 확정하면, 시스템이 해당 규칙을 삭제하고 규칙 목록에 반영함
Edit Indexing Exclusion Rules	input	Configure Indexed Entries	EIX	EIX-003	취소	경로·패턴·조건 기반 인덱싱 제외 규칙을 생성·수정·삭제할 수 있는 설정 화면을 엶		-	-	- 인덱싱 설정 화면이 표시된 상태	- 입력한 경로·패턴이 유효하지 않아 규칙을 저장할 수 없는 경우 - 새 규칙이 기존 규칙과 중복되거나 충돌하는 경우	- 인덱싱 설정 화면이 표시된 상태일 때, 사용자가 제외 규칙 추가를 시작하면, 시스템이 제외 규칙을 입력해 추가할 수 있는 창을  표시함 - 사용자가 규칙을 추가·수정·삭제한, 사용자가 저장하면, 시스템이 변경 사항을 저장하고 이후 인덱싱 대상 판단에 적용함 - 입력한 경로·패턴이 유효하지 않아 규칙을 저장할 수 없는 경우일 때, 사용자가 저장하면, 시스템이 저장을 차단하고 유효하지 않은 입력을 표시함
Exclude Selected Entries from Indexing	command	Configure Indexed Entries	EIX	EIX-003	기획 완료	선택한 엔트리의 경로를 인덱싱 제외 규칙으로 추가할 수 있도록 제외 규칙 편집 화면을 열고, 선택 항목 기반 규칙 초안을 미리 채움		-	-	- 하나 이상의 인덱싱된 엔트리가 선택된 상태	- 선택한 대상이 인덱싱 큐에 대기 중이거나 인덱싱 진행 중인 경우  - 선택한 대상의 경로를 제외 규칙 초안으로 생성할 수 없는 경우	- 하나 이상의 인덱싱된 엔트리가 선택된 상태일 때, 사용자가 해당 인터랙션을 호출하면, 시스템이 제외 규칙 편집 화면을 표시하고 선택 항목 기반 제외 규칙 초안을 미리 채움 - 선택한 대상이 인덱싱 큐에 대기 중이거나 인덱싱 진행 중인 경우일 때, 시스템이 제외 규칙 초안을 생성해 표시하면, 진행 중인 인덱싱은 즉시 중단하지 않고 제외 규칙 저장 이후부터 적용되도록 처리함 - 선택한 대상의 경로를 제외 규칙 초안으로 생성할 수 없는 경우일 때, 시스템이 편집 화면을 표시하면, 규칙을 수동 입력할 수 있도록 상태로 표시함
Index System Property	background	Index System Properties	EIX	EIX-004	배포 완료	새로 인덱싱 대상이 되었거나 시스템 프로퍼티가 변경된 Entry의 경로·이름·확장자·용량·생성·수정 시각 등을 수집해 시스템 프로퍼티 인덱스를 갱신	-	-	-	- 대상 Entry가 인덱싱 대상으로 분류된 상태 - 대상 Entry에 대한 파일 접근 권한이 확보된 상태	- 수집 중 대상 Entry가 이동·이름 변경되어 경로가 변하는 경우 - 대상 Entry가 심볼릭 링크 또는 별칭 등으로 실제 경로 해석이 필요한 경우 - 권한 또는 스토리지 연결 문제로 메타데이터 조회가 실패하는 경우	- 대상 Entry가 인덱싱 대상인 상태일 때, 시스템이 수집을 수행하면, 경로·이름·확장자·용량·생성/수정 시각 등 시스템 프로퍼티 인덱스를 갱신함. - 대상 Entry의 시스템 프로퍼티가 변경된 상태일 때, 시스템이 증분 갱신을 수행하면, 변경된 값을 인덱스에 반영함. - 수집이 실패한 상태일 때, 시스템이 오류를 기록하면, 실패 원인을 저장하고 재시도 가능 상태로 유지함.
Index Content-based Properties	background	Index Content-based Properties	EIX	EIX-005	드래프트	새로 인덱싱 대상이 되었거나 내용이 변경된 Entry에 대해 포맷에 따라 내용을 파싱해 텍스트·메타데이터 등 콘텐츠 기반 프로퍼티를 추출하고 인덱스를 갱신	-	-	-	- 콘텐츠 기반 프로퍼티 추출 기능이 활성화된 상태 - 대상 Entry가 지원 포맷으로 분류된 상태 - 대상 Entry의 콘텐츠를 읽을 수 있는 권한이 확보된 상태	- 대상 Entry가 암호화·DRM·권한 제한 등으로 내용을 읽을 수 없는 경우 - 대상 Entry가 손상되었거나 포맷 파싱에 실패하는 경우 - 대상 Entry가 대용량이라 제한된 크기만 부분 파싱해야 하는 경우 - 콘텐츠가 이미지 기반(스캔 PDF 등)이라 텍스트 추출이 제한되는 경우	- 대상 Entry가 신규 인덱싱 대상이 된 상태일 때, 시스템이 파이프라인을 실행하면, 콘텐츠 기반 프로퍼티를 추출하고 저장함. - 대상 Entry의 콘텐츠가 변경된 상태일 때, 시스템이 재추출을 수행하면, 자동 프로퍼티 값을 최신 값으로 갱신함. - 추출이 실패한 상태일 때, 시스템이 실패를 기록하면, 실패 항목을 상태 패널에서 재시도 가능 상태로 표시함.
Re-extract Content-based Properties for Selection	command	Index Content-based Properties	EIX	EIX-005	드래프트	선택한 Entry 집합에 대해 포맷에 맞는 콘텐츠 프로퍼티 추출 파이프라인을 수동 실행해 자동 프로퍼티 값을 재계산·복구하고 Entry 프로퍼티로 저장	-	-	-	- 하나 이상의 Entry가 선택된 상태 - 선택한 Entry가 콘텐츠 기반 프로퍼티 추출 대상 포맷인 상태 - 콘텐츠 기반 프로퍼티 추출 기능이 활성화된 상태	- 선택한 Entry 중 일부가 지원하지 않는 포맷이거나 콘텐츠 읽기가 불가능한 경우 - 선택한 Entry가 매우 많아 작업이 배치로 분할되어야 하는 경우 - 선택한 Entry가 현재 자동 추출 작업이 진행 중이라 중복 실행이 되는 경우	- Entry가 선택된 상태일 때, 사용자가 해당 인터랙션을 호출하면, 선택한 Entry에 대해 콘텐츠 기반 프로퍼티 재추출 작업을 큐에 등록함. - 재추출이 완료된 상태일 때, 시스템이 결과를 반영하면, 자동 프로퍼티 값을 재계산해 Entry 프로퍼티로 저장함. - 재추출이 실패한 상태일 때, 시스템이 오류를 기록하면, 실패 항목을 실패 목록에 추가하고 오류 상세를 조회 가능하게 함.
Extract Document Properties	background	Extract Document Properties	EIX	EIX-006	드래프트	문서·프레젠테이션 계열 Entry에서 문서 타입·제목·클라이언트·프로젝트·요약 등 문서 관련 자동 프로퍼티를 추출해 Entry 프로퍼티로 저장	-	-	-	- 대상 Entry가 문서·프레젠테이션 계열 포맷으로 분류된 상태 - 문서 프로퍼티 추출 파이프라인이 활성화된 상태 - 대상 Entry의 콘텐츠를 읽을 수 있는 권한이 확보된 상태	- 문서가 암호화·잠금 상태이거나 권한 제한으로 열람할 수 없는 경우 - 문서가 손상되었거나 포맷 파서가 지원하지 않는 버전인 경우 - 문서에 텍스트가 거의 없거나 이미지 기반이라 입력이 부족한 경우	- 대상 Entry가 문서 포맷인 상태일 때, 시스템이 추출을 수행하면, 문서 타입·제목·요약·키포인트 등 자동 프로퍼티를 저장함. - 추출된 프로퍼티가 존재하는 상태일 때, 사용자가 해당 Entry를 조회하면, 자동 프로퍼티를 필터·정렬·검색 조건으로 활용할 수 있게 함. - 추출이 실패한 상태일 때, 시스템이 실패를 기록하면, 실패 원인과 대상 Entry를 오류 상세로 조회 가능하게 함.
Extract Code Properties	background	Extract Code Properties	EIX	EIX-007	드래프트	코드 Entry에서 언어·주요 모듈/엔트리포인트·프레임워크·간단 요약 등 코드 관련 자동 프로퍼티를 추출해 Entry 프로퍼티로 저장	-	-	-	- 대상 Entry가 코드 계열 포맷으로 분류된 상태 - 코드 프로퍼티 추출 파이프라인이 활성화된 상태 - 대상 Entry를 읽을 수 있는 권한이 확보된 상태	- 파일이 매우 크거나 바이너리 포함으로 파싱 비용이 과도한 경우 - 언어 감지에 실패하거나 혼합 언어로 단일 언어로 분류하기 어려운 경우 - 코드가 생성물로 판단되어 제외 규칙에 의해 제외되는 경우	- 대상 Entry가 코드 포맷인 상태일 때, 시스템이 추출을 수행하면, 언어·주요 모듈/엔트리포인트·간단 요약 등 자동 프로퍼티를 저장함. - 코드가 변경된 상태일 때, 시스템이 재추출을 수행하면, 자동 프로퍼티 값을 최신 값으로 갱신함. - 추출이 실패한 상태일 때, 시스템이 실패를 기록하면, 실패 항목을 재시도 가능 상태로 유지함.
Extract Sheet Properties	background	Extract Sheet Properties	EIX	EIX-008	아이디어	스프레드시트 Entry에서 시트 이름·주요 컬럼 헤더·행·열 수·간단 지표·요약 등 표 구조 기반 자동 프로퍼티를 추출해 Entry 프로퍼티로 저장	-	-	-	- 대상 Entry가 스프레드시트·테이블 계열 포맷으로 분류된 상태 - 시트 프로퍼티 추출 파이프라인이 활성화된 상태 - 대상 Entry를 읽을 수 있는 권한이 확보된 상태	- 시트가 암호화되어 있거나 권한 제한으로 내용을 읽을 수 없는 경우 - 행·열 수가 매우 커서 전체 로딩이 어려워 샘플링이 필요한 경우 - CSV 등에서 인코딩 문제로 컬럼 헤더 파싱이 실패하는 경우	- 대상 Entry가 시트 포맷인 상태일 때, 시스템이 추출을 수행하면, 시트 이름·주요 컬럼 헤더·행/열 수 등 자동 프로퍼티를 저장함. - 추출 결과가 저장된 상태일 때, 사용자가 해당 Entry를 조회하면, 추출된 프로퍼티를 검색·필터 조건으로 활용할 수 있게 함. - 추출이 실패한 상태일 때, 시스템이 실패를 기록하면, 실패 원인과 대상 Entry를 오류 상세로 조회 가능하게 함.
Extract Image Properties	background	Extract Image Properties	EIX	EIX-009	아이디어	이미지·스크린샷 Entry에서 UI 캡처 여부, 그래프/차트/화이트보드 여부, 캡션·설명 등 이미지 관련 자동 프로퍼티를 추출해 Entry 프로퍼티로 저장	-	-	-	- 대상 Entry가 이미지·스크린샷 계열 포맷으로 분류된 상태 - 이미지 프로퍼티 추출 파이프라인이 활성화된 상태 - 대상 Entry를 읽을 수 있는 권한이 확보된 상태	- 이미지 파일이 손상되었거나 디코딩이 실패하는 경우 - 파일 용량·해상도가 매우 커서 다운샘플링이 필요한 경우 - HEIC 등 특정 코덱/포맷 지원이 제한되는 환경인 경우	- 대상 Entry가 이미지 포맷인 상태일 때, 시스템이 추출을 수행하면, UI 캡처 여부·그래프/차트 여부·캡션/설명 등 자동 프로퍼티를 저장함. - 추출이 완료된 상태일 때, 사용자가 해당 Entry를 검색하면, 추출된 프로퍼티 기반 조건으로 필터링할 수 있게 함. - 추출이 실패한 상태일 때, 시스템이 실패를 기록하면, 실패 항목을 오류 상세에서 확인 가능하게 함.
Extract Audio Properties	background	Extract Audio Properties	EIX	EIX-010	아이디어	오디오 Entry에서 세션 타입(회의/인터뷰/발표 등)·길이·화자 수·핵심 키포인트·요약 등 오디오 관련 자동 프로퍼티를 추출해 Entry 프로퍼티로 저장	-	-	-	- 대상 Entry가 오디오·음성 계열 포맷으로 분류된 상태 - 오디오 프로퍼티 추출 파이프라인이 활성화된 상태 - 대상 Entry를 읽을 수 있는 권한이 확보된 상태	- 오디오 파일이 손상되었거나 디코딩이 실패하는 경우 - 길이가 매우 길어 전사·요약 단계를 분할 처리해야 하는 경우 - 언어 감지 실패 또는 다국어 혼합으로 요약 품질이 불안정한 경우	- 대상 Entry가 오디오 포맷인 상태일 때, 시스템이 추출을 수행하면, 세션 타입·길이·화자 수·키포인트·요약 등 자동 프로퍼티를 저장함. - 추출이 완료된 상태일 때, 사용자가 해당 Entry를 조회하면, 추출된 프로퍼티를 검색·필터 조건으로 활용할 수 있게 함. - 추출이 실패한 상태일 때, 시스템이 실패를 기록하면, 실패 원인과 대상 Entry를 오류 상세로 조회 가능하게 함.
Extract Video Properties	background	Extract Video Propeties	EIX	EIX-011	아이디어	비디오 Entry에서 화면 타입(스크린캐스트/발표/회의 등)·길이·핵심 구간 요약·주요 키워드 등 비디오 관련 자동 프로퍼티를 추출해 Entry 프로퍼티로 저장	-	-	-	- 대상 Entry가 비디오 계열 포맷으로 분류된 상태 - 비디오 프로퍼티 추출 파이프라인이 활성화된 상태 - 대상 Entry를 읽을 수 있는 권한이 확보된 상태	- 비디오 파일이 손상되었거나 코덱 지원 문제로 디코딩이 실패하는 경우 - 길이가 매우 길어 전사·요약·구간 추출을 분할 처리해야 하는 경우 - 오디오 트랙이 없거나 품질이 낮아 전사가 불완전한 경우	- 대상 Entry가 비디오 포맷인 상태일 때, 시스템이 추출을 수행하면, 화면 타입·길이·핵심 구간 요약·키워드 등 자동 프로퍼티를 저장함. - 추출이 완료된 상태일 때, 사용자가 해당 Entry를 검색하면, 추출된 프로퍼티 기반 조건으로 필터링할 수 있게 함. - 추출이 실패한 상태일 때, 시스템이 실패를 기록하면, 실패 항목을 오류 상세에서 확인 가능하게 함.
Index Entry Embeddings	background	Index Entry Embeddings	EIX	EIX-012	아이디어	선택한 Entry 집합에 대해 포맷별 Embeddings 계산 파이프라인을 실행해 임베딩 벡터를 재계산하고 임베딩 인덱스를 갱신	-	-	-	- 임베딩 인덱싱 기능이 활성화된 상태- 임베딩 계산에 사용할 입력 텍스트가 준비된 상태 - 네트워크 연결 및 임베딩 계산 서비스 접근이 가능한 상태	- 임베딩 계산 서비스 오류·타임아웃·레이트 리밋으로 요청이 실패하는 경우 - 입력 텍스트가 비어 있거나 너무 길어 전처리·요약이 필요한 경우 - 사용자 설정 또는 정책으로 특정 경로/포맷이 임베딩 인덱싱에서 제외되는 경우 - 임베딩 모델/스키마 버전 변경으로 재계산이 필요한 경우	- 임베딩 인덱싱이 활성화된 상태일 때, 시스템이 임베딩 작업을 수행하면, Entry 임베딩 벡터를 저장하고 임베딩 인덱스를 갱신함. - 임베딩 인덱싱이 비활성화된 상태일 때, 시스템이 인덱싱을 수행하면, 임베딩 계산 작업을 스케줄링하지 않음. - 임베딩 계산이 실패한 상태일 때, 시스템이 실패를 기록하면, 실패 항목을 재시도 가능 상태로 유지하고 오류 상세를 조회 가능하게 함.
Compute Document Embeddings	background	Compute Document Embeddings	EIX	EIX-013	아이디어	문서·프레젠테이션 Entry의 제목·자동 요약·키포인트 등 비정형 텍스트 프로퍼티를 입력으로 사용해 문서 의미를 표현하는 임베딩 벡터를 계산	-	-	-	- 대상 Entry가 문서·프레젠테이션 계열 포맷으로 분류된 상태 - 문서 관련 텍스트 프로퍼티가 준비된 상태 - 임베딩 인덱싱 기능이 활성화된 상태	- 문서 텍스트 추출이 불완전해 임베딩 입력이 부족한 경우 - 문서 내용이 매우 길어 입력을 축약·샘플링해야 하는 경우 - 임베딩 계산 서비스 오류로 계산이 실패하는 경우	- 문서 Entry가 대상인 상태일 때, 시스템이 임베딩을 계산하면, 문서 의미 임베딩 벡터를 저장함. - 임베딩이 저장된 상태일 때, 시스템이 인덱스를 갱신하면, 의미 기반 검색·유사도 판단에 해당 벡터를 활용할 수 있게 함. - 계산이 실패한 상태일 때, 시스템이 실패를 기록하면, 실패 원인을 오류 상세로 조회 가능하게 함.
Compute Code Embeddings	background	Compute Code Embeddings	EIX	EIX-014	아이디어	코드 Entry의 파일 구조·주요 심볼·주석 요약 등을 입력으로 사용해 코드 의미를 표현하는 임베딩 벡터를 계산	-	-	-	- 대상 Entry가 코드 계열 포맷으로 분류된 상태 - 코드 요약·구조 정보 등 임베딩 입력이 준비된 상태 - 임베딩 인덱싱 기능이 활성화된 상태	- 코드가 너무 크거나 의존 파일이 많아 요약/구조 추출이 제한되는 경우 - 바이너리·미니파이된 코드 등으로 의미 추출이 어려운 경우 - 임베딩 계산 서비스 오류로 계산이 실패하는 경우	- 코드 Entry가 대상인 상태일 때, 시스템이 임베딩을 계산하면, 코드 의미 임베딩 벡터를 저장함. - 임베딩이 저장된 상태일 때, 시스템이 인덱스를 갱신하면, 코드 유사도·검색에 해당 벡터를 활용할 수 있게 함. - 계산이 실패한 상태일 때, 시스템이 실패를 기록하면, 실패 항목을 재시도 가능 상태로 유지함.
Compute Sheet Embeddings	background	Compute Sheet Embeddings	EIX	EIX-015	아이디어	스프레드시트 Entry의 시트 요약·주요 컬럼 설명·대표 행 예시 등을 입력으로 사용해 데이터셋 의미를 표현하는 임베딩 벡터를 계산	-	-	-	- 대상 Entry가 시트 계열 포맷으로 분류된 상태 - 시트 요약·주요 컬럼 설명 등 임베딩 입력이 준비된 상태 - 임베딩 인덱싱 기능이 활성화된 상태	- 행·열이 매우 커서 대표 행/샘플을 선택해야 하는 경우 - 민감 정보가 포함되어 입력에서 마스킹·제외가 필요한 경우 - 임베딩 계산 서비스 오류로 계산이 실패하는 경우	- 시트 Entry가 대상인 상태일 때, 시스템이 임베딩을 계산하면, 데이터셋 의미 임베딩 벡터를 저장함. - 임베딩이 저장된 상태일 때, 시스템이 인덱스를 갱신하면, 의미 기반 검색·유사도 판단에 해당 벡터를 활용할 수 있게 함. - 계산이 실패한 상태일 때, 시스템이 실패를 기록하면, 실패 원인을 오류 상세로 조회 가능하게 함.
Compute Image Embeddings	background	Compute Images Embeddings	EIX	EIX-016	아이디어	이미지·스크린샷 Entry의 캡션·설명 텍스트와 시각적 특징을 입력으로 사용해 이미지 의미를 표현하는 임베딩 벡터를 계산	-	-	-	- 대상 Entry가 이미지·스크린샷 계열 포맷으로 분류된 상태 - 캡션·설명 텍스트 또는 시각 특징 추출 결과가 준비된 상태 - 임베딩 인덱싱 기능이 활성화된 상태	- 이미지 디코딩 또는 특징 추출 실패로 입력이 부족한 경우 - 해상도가 매우 커서 다운샘플링 후 특징 추출이 필요한 경우 - 임베딩 계산 서비스 오류로 계산이 실패하는 경우	- 이미지 Entry가 대상인 상태일 때, 시스템이 임베딩을 계산하면, 이미지 의미 임베딩 벡터를 저장함. - 임베딩이 저장된 상태일 때, 시스템이 인덱스를 갱신하면, 이미지 유사도·검색에 해당 벡터를 활용할 수 있게 함. - 계산이 실패한 상태일 때, 시스템이 실패를 기록하면, 실패 원인을 오류 상세로 조회 가능하게 함.
Compute Audio Embeddings	background	Compute Audio Embeddings	EIX	EIX-017	아이디어	오디오 Entry의 전사 요약·키포인트 등을 입력으로 사용해 오디오 세션 의미를 표현하는 임베딩 벡터를 계산	-	-	-	- 대상 Entry가 오디오 계열 포맷으로 분류된 상태 - 전사 요약·키포인트 등 임베딩 입력이 준비된 상태 - 임베딩 인덱싱 기능이 활성화된 상태	- 전사 실패 또는 언어 감지 실패로 입력이 부족한 경우 - 길이가 매우 길어 입력을 구간별로 축약해야 하는 경우 - 임베딩 계산 서비스 오류로 계산이 실패하는 경우	- 오디오 Entry가 대상인 상태일 때, 시스템이 임베딩을 계산하면, 오디오 세션 의미 임베딩 벡터를 저장함. - 임베딩이 저장된 상태일 때, 시스템이 인덱스를 갱신하면, 유사도·검색에 해당 벡터를 활용할 수 있게 함. - 계산이 실패한 상태일 때, 시스템이 실패를 기록하면, 실패 항목을 재시도 가능 상태로 유지함.
Compute Video Embeddings	background	Compute Video Embeddings	EIX	EIX-018	아이디어	비디오 Entry의 전사 요약·키포인트와 화면 타입 정보를 입력으로 사용해 비디오 콘텐츠 의미를 표현하는 임베딩 벡터를 계산	-	-	-	- 대상 Entry가 비디오 계열 포맷으로 분류된 상태 - 전사 요약·키포인트 및 화면 타입 정보 등 임베딩 입력이 준비된 상태 - 임베딩 인덱싱 기능이 활성화된 상태	- 전사 생성 실패 또는 오디오 품질 문제로 입력이 부족한 경우 - 길이가 매우 길어 입력을 구간별로 축약해야 하는 경우 - 임베딩 계산 서비스 오류로 계산이 실패하는 경우	- 비디오 Entry가 대상인 상태일 때, 시스템이 임베딩을 계산하면, 비디오 콘텐츠 의미 임베딩 벡터를 저장함. - 임베딩이 저장된 상태일 때, 시스템이 인덱스를 갱신하면, 의미 기반 검색·유사도 판단에 해당 벡터를 활용할 수 있게 함. - 계산이 실패한 상태일 때, 시스템이 실패를 기록하면, 실패 원인을 오류 상세로 조회 가능하게 함.
Open Collection Filter Composer	command	Define Collection Filter	RCL	RCL-001	배포 완료	Entries View 상단에서 Collection Filter Composer를 열어 현재 콜렉션의 스코프·조건을 편집 가능 상태로 전환	file_manager_window.content_pane.content_header.collection_fillter_composer	Edit	⌘F	- 현재 페이지가 필터 편집을 지원하는 상태	- 이미 Collection Filter Composer가 열린 상태에서 호출되는 경우 - 미저장 필터 변경이 존재하는 경우	- 현재 페이지가 필터 편집을 지원하는 상태일 때, 사용자가 해당 인터랙션을 호출하면, Collection Filter Composer가 표시되고 Filter Query 입력 필드로 포커스가 이동함 - Composer가 이미 열린 상태일 때, 사용자가 해당 인터랙션을 호출하면, Filter Query 입력 필드로 포커스가 이동함 - 미저장 필터 변경이 존재하는 상태일 때, 사용자가 해당 인터랙션을 호출하면, 미저장 변경이 반영된 Composer를 표시함
Collapse Collection Filter Composer	command	Define Collection Filter	RCL	RCL-001	배포 완료	Collection Filter Composer를 닫아 페이지 타이틀 바 기본 상태로 전환하며, 미저장 변경은 유지	file_manager_window.content_pane.content_header.collection_fillter_composer	-	ESC	- Collection Filter Composer가 열린 상태	- 미저장 필터 변경이 존재하는 경우 - 필터 편집 중 호출되는 경우 - 필터 생성 파이프라인이 실행 중인 상태에서 호출되는 경우	- Collection Filter Composer가 열린 상태일 때, 사용자가 해당 인터랙션을 호출하면, Collection Filter Composer가 닫히고 페이지 타이틀 바 기본 상태로 전환함 - 미저장 필터 변경이 존재하는 상태일 때, 사용자가 해당 인터랙션을 호출하면, 변경을 폐기하지 않고 유지하며, 타이틀바에 미저장 상태를 표시함 - 필터 편집 중인 상태일 때, 사용자가 해당 인터랙션을 호출하면, 진행 중인 편집 UI와 함께 Collection Filter Composer를 닫음 - 필터 생성 파이프라인이 실행 중인 상태에서 사용자가 해당 인터랙션을 호출하면, 파이프라인은 중단하지 않고 진행 상태를 유지함
Type Collection Filter Query	input	Define Collection Filter	RCL	RCL-001	배포 완료	필터 쿼리 텍스트필드에 쿼리를 입력해 입력값을 갱신	file_manager_window.content_pane.content_header.collection_fillter_composer	-	-	- Collection Filter Composer가 열린 상태	-	- Generate Filter Suggestions from Query가 실행 중일 때, 사용자가 텍스트필드에 포커스되었다면, 값을 입력할 수 있음 
Submit Collection Filter Query	command	Define Collection Filter	RCL	RCL-001	배포 완료	텍스트필드에 입력된 쿼리를 제출해 필터 생성 파이프라인을 시작	file_manager_window.content_pane.content_header.collection_fillter_composer	-	⏎	- Collection Filter Composer가 열린 상태 - Filter Query 입력 필드가 포커스된 상태 - 입력값이 존재하는 상태 - Generate Filter Changes from Query가 실행 중이지 않은 상태	- 직전과 동일 입력값을 연속 제출하는 경우	- 텍스트필드에 값이 존재하는 상태일 때, 사용자가 해당 인터랙션을 호출하면, Generate Filter Suggestions from Query가 시작됨 - Generate Filter Suggestions from Query가 실행 중일 때, 사용자가 텍스트필드에 값을 입력했더라도, 사용자가 해당 인터랙션을 호출을 진행할 수 없음 - 사용자가 해당 인터랙션이 호출되었을 때, 직전과 동일 입력값을 연속 제출했다면, 시스템이 중복 실행을 시작하지 않고 기존 실행 또는 직전 결과를 유지함
Generate Filter Changes from Query	background	Define Collection Filter	RCL	RCL-001	배포 완료	제출된 쿼리를 해석해 현재 필터에 반영할 구조화 조건 변경안을 산출해 반환	-	-	-	- Submit Collection Filter Query가 발생한 상태	- 아무 조건이 생성되지 않고 반환되는 경우 - 생성이 실패/오류로 종료되는 경우	- Submit Collection Filter Query가 발생한 상태일 때, 시스템이 제출된 쿼리를 처리하면, 필터 변경안을 생성해 결과로 반환함 - 시스템이 쿼리를 처리했을 때 생성된 조건이 없다면, 빈 변경안을 반환함 - 시스템이 쿼리를 처리했을 때 실패/오류로 종료되면, 실패 상태와 오류 정보를 반환함
Apply Generated Filter Changes	background	Define Collection Filter	RCL	RCL-001	배포 완료	생성된 필터 변경안을 현재 필터 정의에 일괄 반영	file_manager_window.content_pane.content_header.collection_fillter_composer	-	-	- Generate Filter Changes from Query 결과가 성공으로 반환된 상태	-	- Generate 결과가 성공으로 반환된 상태일 때, 시스템이 변경안을 적용하면, 현재 필터 정의가 최신 생성본으로 갱신됨
Generate Filter Suggestions from Query	background	Define Collection Filter	RCL	RCL-001	취소	제출된 쿼리를 해석해 필터 변경안을 생성하고, 기존 필터와의 매칭 결과(신규/수정/제거 제안)를 포함해 반환	-	-	-	- Submit Collection Filter Query가 발생한 상태	- 아무 조건이 생성되지 않고 반환되는 경우 - 생성이 실패/오류로 종료되는 경우	- Submit Collection Filter Query를 수신했을 때, 시스템이 제출된 쿼리를 처리하면, 제안된 변경안을 생성해 결과로 반환함 - 시스템이 쿼리를 처리했을 때,  생성된 조건이 없다면, 조건이 없는 상태를 반환함 - 시스템이 쿼리를 처리했을 때, 실패/오류로 종료되면, 실패 상태와 오류 정보를 반환함
Show Generated Filter Suggestions	display	Define Collection Filter	RCL	RCL-001	취소	생성된 제안을 필터 영역에 사용자의 후속 결정을 대기하는 ‘제안 상태’로 표시	file_manager_window.content_pane.content_header.collection_fillter_composer	-	-	- Collection Filter Composer가 열린 상태 - Generate Filter Suggestions from Query 결과가 성공으로 반환된 상태	-	- 시스템이 생성된 필터 제안을 표시할 때, 기존 동일한 프로퍼티 컨디션이 존재하지 않는다면, 신규 컨디션 제안 상태로 추가됨 - 시스템이 생성된 필터 제안을 표시할 때, 기존 동일한 프로퍼티 컨디션이 존재한다면, 해당 컨디션이 제안된 오퍼레이터와 값으로 덮어씌어진 제안 상태로 표시됨 - 시스템이 생성된 필터 제안을 표시할 때, 기존 컨디션을 제거하는 제안이 포함되어있다면, 제거 대상 컨디션이 비활성된 제안 상태로 표시됨
Apply Generated Filter Suggestion	command	Define Collection Filter	RCL	RCL-001	취소	해당 제안 상태의 필터를 확정하여 적용하여 새로 추가하거나, 값을 수정함	file_manager_window.content_pane.content_header.collection_fillter_composer	-	-	- Collection Filter Composer가 열린 상태 - 제안 상태 항목이 존재하는 상태 - 적용 대상 제안 항목이 지정된 상태 - Generate Filter Suggestions from Query가 실행 중이지 않은 상태	-	- 사용자가 제안 상태 컨디션을 확정 적용할 때, 적용 대상이 신규 컨디션 제안이라면, 해당 컨디션이 제안 상태에서 확정 상태로 전환됨. - 사용자가 제안 상태 컨디션을 확정 적용할 때, 적용 대상이 기존 컨디션 수정 제안이라면, 해당 컨디션이 제안된 오퍼레이터와 값으로 확정되고 제안 상태가 해제됨. - 사용자가 제안 상태 컨디션을 확정 적용할 때, 적용 대상이 기존 컨디션 제거 제안이라면, 해당 컨디션이 필터에서 제거됨.
Reject Generated Filter Suggestion	command	Define Collection Filter	RCL	RCL-001	취소	해당 제안 상태 항목을 거절하여 제안 이전 상태로 되돌리거나, 제안된 필터를 제거함	file_manager_window.content_pane.content_header.collection_fillter_composer	-	-	- Collection Filter Composer가 열린 상태 - 제안 상태 항목이 존재하는 상태 - 거절 대상 제안 항목이 지정된 상태 - Generate Filter Suggestions from Query가 실행 중이지 않은 상태	-	- 사용자가 제안 상태 컨디션을 거절할 때, 적용 대상이 신규 컨디션 제안이라면, 해당 컨디션이 필터에서 제거됨. - 사용자가 제안 상태 컨디션을 거절할 때, 적용 대상이 기존 컨디션 수정 제안이라면, 해당 컨디션이 기존 오퍼레이터와 값으로 복원되고 제안 상태가 해제됨. - 사용자가 제안 상태 컨디션을 거절할 때, 적용 대상이 기존 컨디션 제거 제안이라면, 해당 컨디션의 비활성 상태가 해제되고 제안 상태가 해제됨
Apply All Generated Filter Suggestions	command	Define Collection Filter	RCL	RCL-001	취소	표시된 모든 제안 상태 항목을 한 번에 확정 적용	file_manager_window.content_pane.content_header.collection_fillter_composer	-	⌘⌥⏎	- Collection Filter Composer가 열린 상태 - 제안 상태 항목이 1개 이상 존재하는 상태 - Generate Filter Suggestions from Query가 실행 중이지 않은 상태	-	- 제안 상태 항목이 1개 이상일 때, 사용자가 해당 인터랙션을 호출하면, 모든 제안이 확정되고 제안 표식이 제거됨. - 수정/신규/제거 제안이 혼재된 상태일 때, 사용자가 일괄 적용하면, 각 제안 타입에 맞는 확정 동작이 모두 수행됨.
Reject All Generated Filter Suggestions	command	Define Collection Filter	RCL	RCL-001	취소	표시된 모든 제안 상태 항목을 한 번에 거절해 기존 필터 상태로 복원함	file_manager_window.content_pane.content_header.collection_fillter_composer	-	⌘⌥⌫	- Collection Filter Composer가 열린 상태 - 제안 상태 항목이 1개 이상 존재하는 상태 - Generate Filter Suggestions from Query가 실행 중이지 않은 상태	-	- 제안 상태 항목이 1개 이상일 때, 사용자가 일괄 거절하면, 모든 제안 표식이 제거되고 기존 필터 상태가 유지/복원됨.
Open Collection Scope Menu	command	Define Collection Filter	RCL	RCL-001	배포 완료	스코프 드롭다운 메뉴를 열어 컨디션이 적용될 스코프를 선택할 수 있는 옵션을 제공	file_manager_window.content_pane.content_header.collection_fillter_composer	-	-	- Collection Filter Composer가 열린 상태	- 스코프 메뉴가 이미 열린 상태에서 호출되는 경우	- 사용자가 해당 인터랙션을 호출했을 때, 스코프 메뉴가 표시되었다면, 선택 가능한 모든 디렉토리 목록이 노출됨 - 스코프 메뉴가 이미 열린 상태일 때, 사용자가 해당 인터랙션을 호출하면, 열린 상태를 유지함 (닫기 위해선 해당 요소 바깥을 클릭)
Add Directory To Collection Scope	command	Define Collection Filter	RCL	RCL-001	배포 완료	스코프 메뉴에서 디렉토리를 추가해 콜렉션 스코프를 디렉토리 집합으로 확장	file_manager_window.content_pane.content_header.collection_fillter_composer	-	-	- Collection Filter Composer가 열린 상태 - 스코프 메뉴가 열린 상태  - Generate Filter Changes from Query가 실행 중이지 않은 상태	- 상위/하위 관계의 디렉토리를 추가하는 경우  - 추가하려는 디렉토리가 이미 스코프에 포함된 경우  - 전체 스토리지 스코프 상태에서 디렉토리를 추가하는 경우 	- 스코프 메뉴에서 특정 디렉토리에 포커스했을 때, 사용자가 해당 인터랙션을 호출하면, 해당 디렉토리가 스코프에 포함됨 - 사용자가 특정 디렉토리를 스코프에 추가하려할 때, 해당 디렉토리가 이미 스코프에 포함되어 있다면, 중복으로 판단해 스코프에 추가하지 않음  - 상위 디렉토리가 스코프에 포함된 상태일 때, 사용자가 하위 디렉토리를 추가하면, 상위 디렉토리를 제거하고 하위 디렉토리로 교체함 - 하위 디렉토리가 스코프에 포함된 상태일 때, 사용자가 상위 디렉토리를 추가하면, 하위 디렉토리를 제거하고 상위 디렉토리로 교체함 - 현재 전체 스토리지 스코프 상태일 때, 사용자가 특정 디렉토리를 추가하려 한다면, 현재 스코프를 디렉토리 집합 상태로 전환함
Remove Directory From Collection Scope	command	Define Collection Filter	RCL	RCL-001	배포 완료	스코프 메뉴에서 디렉토리를 제거해 콜렉션 스코프를 축소	file_manager_window.content_pane.content_header.collection_fillter_composer	-	-	- Collection Filter Composer가 열린 상태 - 스코프 메뉴가 열린 상태  - Generate Filter Changes from Query가 실행 중이지 않은 상태	- 마지막 남은 디렉토리를 제거하는 경우  - 현재 디렉토리를 제거하는 경우	- 스코프 메뉴에서 특정 스코프된 디렉토리에 포커스했을 때, 사용자가 해당 인터랙션을 호출하면, 해당 디렉토리가 스코프에서 제외됨 - 사용자가 스코프 집합에서 특정 디렉토리에서 제외하려할 때, 마지막 디렉토리가 제거된다면, 현재 스코프를 전체 스토리지 스코프 상태로 전환함  - 현재 페이지가 디렉토리 페이지일 때, 사용자가 스코프 집합에서 현재 디렉토리를 제외하려한다면, 남은 스코프 집합을 따르거나 전체 스토리지 스코프 상태로 전환됨
Add Collection Condition	command	Define Collection Filter	RCL	RCL-001	배포 완료	Collection Filter Composer에 새 컨디션을 수동으로 추가	file_manager_window.content_pane.content_header.collection_fillter_composer	-	-	- Collection Filter Composer가 열린 상태  - Generate Filter Changes from Query가 실행 중이지 않은 상태	- 미완성 컨디션이 이미 존재하는 경우	- Collection Filter Composer가 열린 상태일 때, 사용자가 해당 인터랙션을 호출하면, 새 컨디션이 필터 영역에 추가되고 해당 컨디션이 포커스되어 프로퍼티 편집 상태가 됨 - 새 컨디션을 추가했을 때, 프로퍼티∙오퍼레이터∙밸류를 완성하지 않은 미완성 상태로 편집을 종료한다면, 해당 컨디션의 미완성 상태로 표시하고 조건에서 제외함 
Change Collection Condition Property	input	Define Collection Filter	RCL	RCL-001	배포 완료	선택한 컨디션의 기준 프로퍼티를 다른 프로퍼티로 변경	file_manager_window.content_pane.content_header.collection_fillter_composer	-	-	- Generate Filter Changes from Query가 실행 중이지 않은 상태 - 편집 대상 컨디션이 존재하는 상태  - 편집 대상 컨디션이 지정된 상태 	- 프로퍼티 변경으로 기존 오퍼레이터·값 구성이 무효가 되는 경우	- 해당 컨디션이 프로퍼티 편집 상태일 때, 사용자가 해당 인터랙션을 호출하면, 해당 컨디션의 기준 프로퍼티가 갱신됨 - 사용자가 기준 프로퍼티를 변경했을 때, 기존 오퍼레이터·값 구성이 무효가 된다면, 오퍼레이터는 기본값으로 설정되며, 값은 초기화됨
Change Collection Condition Operator	input	Define Collection Filter	RCL	RCL-001	배포 완료	선택한 컨디션의 연산자를 다른 연산자로 변경	file_manager_window.content_pane.content_header.collection_fillter_composer	-	-	- Generate Filter Changes from Query가 실행 중이지 않은 상태 - 편집 대상 컨디션이 존재하는 상태  - 해당 컨디션의 프로퍼티가 설정된 상태 	- 오퍼레이터 변경으로 기존 값이 무효가 되는 경우	- 해당 컨디션이 오퍼레이터 편집 상태일 때, 사용자가 해당 인터랙션을 호출하면, 해당 컨디션의 오퍼레이터가 갱신됨 - 사용자가 오퍼레이터를 변경했을 때, 기존 값이 무효가 된다면, 값을 초기화함
Change Collection Condition Value	input	Define Collection Filter	RCL	RCL-001	배포 완료	선택한 컨디션의 비교 값 또는 범위를 편집해 해당 조건이 만족하는 엔트리 집합을 조정	file_manager_window.content_pane.content_header.collection_fillter_composer	-	-	- Generate Filter Changes from Query가 실행 중이지 않은 상태 - 편집 대상 컨디션이 존재하는 상태  - 해당 컨디션의 프로퍼티와 오퍼레이터가 설정된 상태	- 범위 입력이 필요한데 한쪽 값만 확정되는 경우	- 해당 컨디션이 값 편집 상태일 때, 사용자가 해당 인터랙션을 호출하면, 해당 컨디션의 값이 갱신됨 - 설정된 오퍼레이터에 따라 범위 입력이 필요할 때, 한쪽 값만 입력이 되었다면, 해당 컨디션은 미완성 상태로 표시됨 
Delete Collection Condition	command	Define Collection Filter	RCL	RCL-001	배포 완료	선택한 컨디션을 필터에서 제거	file_manager_window.content_pane.content_header.collection_fillter_composer	-	⌫	- Generate Filter Changes from Query가 실행 중이지 않은 상태 - 삭제 대상 컨디션이 존재하는 상태  - 삭제 대상 컨디션이 지정된 상태 	- 마지막 남은 컨디션을 제거하는 경우	- Collection Filter Composer가 열린 상태일 때, 사용자가 해당 인터랙션을 호출하면, 해당 컨디션이 필터에서 제거됨 - 사용자가 컨디션을 제거하려할 때, 해당 컨디션이 마지막 남은 컨디션이라면, 콜렉션은 컨디션 없는 상태가 됨
Undo Collection Filter Changes	command	Define Collection Filter	RCL	RCL-001	배포 완료	최근 수행한 필터 편집 작업을 한 단계 되돌려 이전 필터 상태로 롤백	file_manager_window.content_pane.content_header.collection_fillter_composer	-	⌘Z	- Generate Filter Changes from Query가 실행 중이지 않은 상태 - 필터 편집 히스토리가 존재하는 상태	-	- 필터 편집 내역이 존재하는 상태일 때, 사용자가 해당 인터랙션을 호출하면, 직전의 필터 편집 변경이 한 단계 되돌려져 필터 상태가 갱신됨
Redo Collection Filter Changes	command	Define Collection Filter	RCL	RCL-001	배포 완료	되돌린 필터 편집 작업을 한 단계 다시 적용해 되돌리기 전으로 복원	file_manager_window.content_pane.content_header.collection_fillter_composer	-	⌘⇧Z	- Generate Filter Changes from Query가 실행 중이지 않은 상태 - 필터 편집 되돌린 내역이 존재하는 상태	-	- 필터 편집을 되돌린 내역이 존재하는 상태일 때, 사용자가 해당 인터랙션을 호출하면, 되돌린 필터 편집을 다시 적용하여 필터 상태를 갱신함
Save Current Filter As New Collection	command	Manage Retrieval Collections	RCL	RCL-002	배포 완료	현재 필터 정의를 가진 새 콜렉션 파일을 생성해 로컬 스토리지에 저장	file_manager_window.content_pane.content_header.page_menu_area	File	⌘⇧S	- 현재 필터 구성이 존재하는 상태 - 미완성 컨디션이 존재하지 않는 상태 - 새 콜렉션을 생성할 수 있는 저장 경로/권한이 확보된 상태 	- 콜렉션 이름이 비어 있거나 유효하지 않은 경우 - 저장 경로에 동일 이름의 콜렉션 파일이 이미 존재하는 경우	- 현재 필터 구성이 존재하고 미완성 컨디션이 없는 상태일 때, 사용자가 해당 인터랙션을 호출하면, 현재 필터 정의로 새 콜렉션 파일을 생성해 지정된 저장 경로에 저장함 - 콜렉션 이름이 비어 있거나 유효하지 않은 상태일 때, 사용자가 저장을 시도하면, 파일을 생성하지 않고 이름 오류 피드백을 표시함 - 저장 경로에 동일 이름의 콜렉션 파일이 이미 존재하는 상태일 때, 사용자가 저장을 시도하면, 파일을 생성하지 않고 이름 충돌 피드백을 표시함
Indicate Unsaved Collection Filter Changes	display	Manage Retrieval Collections	RCL	RCL-002	배포 완료	저장되지 않은 필터 변경 상태를 알리는 표시를 타이틀 바에 나타냄	file_manager_window.content_pane.content_header.page_info_area	-	-	- 마지막 저장 상태 기준점이 존재하는 상태 - 현재 필터 구성이 기준점과 다른 상태	-	- 저장된 콜렉션 파일을 불러와 보고 있을 때, 현재 필터 구성이 마지막 저장 기준점과 다른 상태라면, 타이틀 바에 미저장 인디케이터가 표시됨
Discard Collection Filter Changes	command	Manage Retrieval Collections	RCL	RCL-002	배포 완료	미저장 필터 변경 사항을 폐기하고 마지막 저장본의 필터 정의로 되돌림	file_manager_window.content_pane.content_header.collection_fillter_composer	File	-	- 마지막 저장 상태 기준점이 존재하는 상태 - 현재 필터 구성이 기준점과 다른 상태  - 미저장 필터 변경이 존재하는 상태	-	- 저장된 콜렉션 파일을 불러와 미저장 필터 변경이 존재할 때, 사용자가 해당 인터랙션을 호출하면, 현재 필터 구성을 마지막 저장본의 필터 정의로 복원함 
Save Collection Filter Changes	command	Manage Retrieval Collections	RCL	RCL-002	배포 완료	현재 콜렉션 파일에 필터 변경 사항을 저장해 정의를 갱신	file_manager_window.content_pane.content_header.page_menu_area	File	⌘⌥S	- 마지막 저장 상태 기준점이 존재하는 상태 - 현재 필터 구성이 기준점과 다른 상태  - 미저장 필터 변경이 존재하는 상태	- 미완성 상태의 컨디션이 있는 경우 - 저장 중 스토리지 오류가 발생하는 경우 - 같은 콜렉션이 다른 탭/윈도우에서 저장된 이후 현재 변경을 저장하려는 경우	- 저장된 콜렉션 파일을 불러와 미저장 필터 변경이 존재할 때, 사용자가 해당 인터랙션을 호출하면, 현재 콜렉션 파일의 정의를 현재 필터 변경 사항으로 갱신하여 저장함 - 미완성 상태의 컨디션이 존재하는 상태일 때, 사용자가 해당 인터랙션을 호출하면, 저장을 수행하지 않고 미완성 컨디션 완료를 유도하는 피드백을 표시함 - 사용자가 저장을 시도할 때, 저장 처리 중 스토리지 오류가 발생했다면, 변경을 유지한 채 실패 피드백을 표시함 - 동일한 콜렉션이 다른 탭/윈도우에서 저장된 이후 상태일 때, 사용자가 저장을 시도하면, 저장을 수행하지 않고 충돌 피드백을 표시함
Rename Collection	input	Manage Retrieval Collections	RCL	RCL-002	배포 완료	현재 보고 있는 콜렉션의 파일 이름을 변경	file_manager_window.content_pane.content_header.page_menu_area	-	-	- 현재 페이지가 콜렉션 페이지인 상태	- 입력된 이름이 비어 있는 경우 - OS 파일시스템 상 허용되지 않는 문자를 포함하는 경우 - 현재 콜렉션이 저장된 경로에 변경하려는 이름과 동일 이름 콜렉션이 이미 존재하는 경우	- 현재 페이지가 콜렉션 페이지인 상태일 때, 사용자가 해당 인터랙션을 호출하면, 현재 콜렉션 파일 이름을 수정할 수 있는 편집창이 나타남 - 사용자가 이름 변경을 시도했을 때, 변경이 성공했다면, 현재 콜렉션의 이름을 보여주는 곳이 새 이름으로 모두 반영됨 - 사용자가 이름 변경을 시도했을 때, 입력된 이름이 비어 있거나 파일 시스템 상 유효하지 않은 상태라면, 이름 변경을 수행하지 않고 오류 피드백을 표시함 - 사용자가 이름 변경을 시도했을 때,  현재 콜렉션이 저장된 경로에 동일 이름의 콜렉션 파일이 이미 존재한다면, 이름 변경을 수행하지 않고 충돌 피드백을 표시함
Delete Collection	command	Manage Retrieval Collections	RCL	RCL-002	배포 완료	현재 보고 있는 콜렉션 파일을 삭제하고 닫음	file_manager_window.content_pane.content_header.page_menu_area	File	-	- 현재 페이지가 콜렉션 페이지인 상태	- 다른 탭/뷰에서 동일 콜렉션 페이지가 열려 있는 경우	- 현재 페이지가 콜렉션 페이지인 상태일 때, 사용자가 해당 인터랙션을 호출하면, 삭제를 확인하는 확인창이 나타남 - 사용자가 삭제를 시도했을 때, 삭제가 성공했다면, 현재 콜렉션 파일을 휴지통으로 옮기거나 완전히 삭제하고, 현재 페이지를 닫음 - 사용자가 삭제를 확정했을 때, 다른 뷰에서 동일 콜렉션 페이지가 열려 있는 상태라면, 해당 뷰가 대상 없음 상태로 전환됨
Alert Unsasved Collection Filter Changes	display	Manage Retrieval Collections	RCL	RCL-002	배포 완료	미저장 필터 변경 사항이 존재하는 경우 페이지를 벗어날 때 경고창을 띄움						
Import Smart Folder as Collection	command	Manage Retrieval Collections	RCL	RCL-002	아이디어	Finder Smart Folder 조건을 파싱해 콜렉션 파일로 생성	settings_window	-	-	- 파일 읽기/파싱 권한이 확보된 상태	- `.savedSearch` 파싱에 실패하는 경우	- 파일 읽기/파싱 권한이 확보된 상태일 때, 사용자가 해당 인터랙션을 호출하면, .savedSearch 조건을 파싱해 콜렉션 파일으로 지정한 위치에 생성함 - 사용자가 임포트를 시도했을 때, .savedSearch 파싱에 실패한다면, 콜렉션 파일을 생성하지 않고 실패 피드백을 표시함
Execute Filtered Collection Retrieval	background	Retrieve Entries with Filters	RCL	RCL-003	배포 완료	현재 설정된 필터를 기준으로 엔트리 검색을 자동 실행해 결과 목록을 계산하고 결과를 반환	-	-	-	- 실행할 필터 스냅샷이 확정된 상태	- 실행 중 필터 정의가 다시 변경되어 최신 정의만 반영하도록 기존 실행을 대체해야 하는 경우 - 실행 중 인덱스 갱신이나 파일 변경이 발생해 실행 결과가 변동될 수 있는 경우  - 검색 실행이 시간 또는 리소스 한계를 초과해 중단되거나 부분 결과로 종료되는 경우	- 검색 실행 요청이 발생했을 때, 실행할 필터 스냅샷이 확정된 상태에서 검색을 수행하면, 결정론 필터로 후보 엔트리 집합을 산출하고 텍스트 쿼리 컨디션을 평가해 결과 목록을 계산하여 반환함 - 검색을 실행 중일 때, 필터 정의가 다시 변경되어 새 스냅샷이 확정된다면, 기존 실행을 대체하고 최신 스냅샷 기준 결과만 최종 반영함 - 검색을 실행 중일 때, 인덱스 갱신이나 파일 변경이 발생한다면, 실행 시점 기준으로 가능한 최신 상태를 반영해 결과를 계산함 - 검색을 실행 중일 때, 실행이 시간 또는 리소스 한계를 초과한다면, 부분 결과로 종료하거나 안전한 폴백 정책을 적용해 결과를 반환함
Update Collection Results On Filter Change	background	Retrieve Entries with Filters	RCL	RCL-003	배포 완료	필터 정의가 변경될 때 해당 필터로 엔트리 검색을 자동 실행해 결과 목록을 백그라운드에서 갱신	-	-	-	- 필터 정의 변경이 완료된 상태	- 필터 편집이 연속으로 발생해 변경 이벤트가 다량으로 생성되는 경우 - 자동 갱신 실행 중 수동 새로고침이 호출되어 동시 실행을 조정해야 하는 경우 - 변경 직후 컨디션이 일시적으로 미완성 상태가 되어 실행을 보류하거나 해당 컨디션을 제외해야 하는 경우	- 필터 정의 변경이 완료되어 실행할 필터 스냅샷을 확정되었을 때, 자동 갱신이 실행된다면, 해당 스냅샷으로 검색을 백그라운드에서 실행해 결과 목록을 갱신함 - 자동 갱신을 실행 중인 상태일 때, 필터 편집이 연속으로 발생해 변경 이벤트가 다량으로 생성된다면, 최신 변경만 반영하도록 실행을 병합하거나 기존 실행을 대체함 - 자동 갱신이 실행 중인 상태일 때, 수동 새로고침이 호출되면, 우선순위 정책에 따라 실행을 조정하고 최신 결과가 유지되도록 함 - 변경 직후 컨디션이 일시적으로 미완성 상태일 때, 자동 갱신을 실행하면, 실행을 보류하거나 미완성 컨디션을 제외하는 정책을 적용함
Apply Deterministic Filters	background	Retrieve Entries with Filters	RCL	RCL-003	배포 완료	콜렉션 스코프와 시스템·커스텀 프로퍼티 조건을 결정론적으로 평가해 후보 entry 집합을 산출하고, 조건 불일치 entry를 제외	-	-	-	- 실행할 필터 스냅샷이 확정된 상태	- 인덱스가 최신 상태가 아니어서 일부 엔트리가 인덱스에는 존재하지만 실제 파일 시스템에서는 이동되었거나 삭제된 상태인 경우 - 인덱싱이 아직 완료되지 않아 일부 엔트리 또는 일부 메타데이터 필드가 인덱스에 누락된 상태인 경우 - OS 인덱싱 기반 검색으로 보강을 시도했지만 실패하는 경우	- 검색 파이프라인이 시작될 때, 실행할 필터 스냅샷이 확정이 되어있다면, 해당 필터 정의를 기준으로 후보 엔트리 집합을 산출함  - 검색 파이프라인이 시작될 때, 미완성 컨디션이 포함되어 있다면, 해당 컨디션은 필터에서 제외한 스냅샷으로 검색을 진행함 - 필터 정의를 기준으로 후보를 산출할 때, 인덱스 상 엔트리가 실제 파일 시스템에서 이동되었거나 삭제된 것이 확인되면, 해당 엔트리를 후보 집합에서 제외함  - 필터 정의를 기준으로 후보를 산출할 때, 인덱싱 누락으로 일부 엔트리 또는 일부 메타데이터 필드가 인덱스에 없다면, OS 인덱싱 기반 검색으로 보강을 시도하고 보강 결과를 기준으로 후보 산출을 계속함 - 필터 정의를 기준으로 후보를 산출할 때, OS 인덱싱 기반 검색으로 보강을 시도했지만 실패했다면, 해당 엔트리는 후보 집합에서 제외함
Refresh Collection Results	command	Retrieve Entries with Filters	RCL	RCL-003	배포 완료	현재 설정된 필터를 기준으로 엔트리 검색을 수동 실행해 최신 결과 목록으로 갱신	-	-	-	- 현재 콜렉션 결과가 표시 중인 상태	- 짧은 시간에 연속 호출되는 경우  - 권한 부족이나 스토리지 연결 문제로 새로고침 실행이 실패하는 경우	- 현재 콜렉션 결과가 표시 중인 상태일 때, 사용자가 해당 인터랙션을 호출하면, 현재 설정된 필터로 검색을 수동 실행해 최신 결과 목록으로 갱신함 - 사용자가 새로고침을 짧은 시간안에 연속 호출했을 때, , 중복 실행을 제한하는 정책을 적용함 - 권한 부족이나 스토리지 연결 문제로 새로고침 실행이 실패한다면, 사용자가 새로고침을 호출할 때, 기존 결과를 유지하고 실패 피드백을 표시함
Evaluate Text Query Condition Lexically	background	Retrieve Entries with Filters	RCL	RCL-003	아이디어	텍스트 쿼리 컨디션을 대상으로 키워드 매칭∙스코어링으로 평가해 키워드 매칭 신호를 생성	-	-	-	- 텍스트 쿼리 컨디션 정의가 필터에 포함된 상태	- 키워드 매칭을 수행할 인덱스가 준비되지 않았거나 사용 불가한 상태인 경우 - 콜렉션 스코프가 넓거나 결정론 필터로 후보가 충분히 줄지 않아 평가 대상 엔트리 수가 과도하게 커지는 경우	- 후보 엔트리 집합이 산출된 상태일 때, 텍스트 쿼리 컨디션 정의가 필터에 포함된 상태라면, 키워드 매칭과 스코어링을 수행해 엔트리별 키워드 매칭 신호를 생성함 - 키워드 매칭 신호를 생성할 때, 키워드 매칭을 수행할 자체 인덱스가 준비되지 않았거나 사용 불가한 상태라면, OS 인덱싱 기반 검색으로 폴백해 키워드 매칭 신호를 생성함 - 키워드 매칭 신호를 생성할 때, 평가 대상 엔트리 수가 과도하게 커진다면, 성능 보호 정책을 적용해 평가 범위를 제한한 뒤 키워드 매칭 신호를 생성함
Evaluate Text Query Condition Semantically	background	Retrieve Entries with Filters	RCL	RCL-003	아이디어	텍스트 쿼리 컨디션을 대상으로 임베딩 유사도로 평가해 의미적 유사도 신호를 생성	-	-	-	- 텍스트 쿼리 컨디션 정의가 필터에 포함된 상태	- 의미적 유사도 평가 기능이 비활성화된 상태인 경우 - 임베딩 인덱스가 아직 준비되지 않았거나 사용 불가한 상태인 경우 - 일부 엔트리에 임베딩이 누락되어 의미적 유사도 신호를 부분적으로만 생성할 수 있는 상태인 경우	- 후보 엔트리 집합이 산출된 상태일 때, 텍스트 쿼리 컨디션 정의가 필터에 포함된 상태라면, 임베딩 유사도 평가를 수행해 엔트리별 의미적 유사도 신호를 생성함 - 의미적 유사도 신호를 생성할 때, 의미적 유사도 평가 기능이 비활성화된 상태라면, 의미적 유사도 신호를 생성하지 않고 결측으로 처리함 - 의미적 유사도 신호를 생성할 때, 임베딩 인덱스가 아직 준비되지 않았거나 사용 불가한 상태라면, 의미적 유사도 신호를 생성하지 않고 결측으로 처리함 - 의미적 유사도 신호를 생성할 때, 일부 엔트리에 임베딩이 누락된 상태라면, 가능한 엔트리에 대해서만 의미적 유사도 신호를 생성하고 나머지는 결측으로 처리함
Combine Hybrid Scores	background	Retrieve Entries with Filters	RCL	RCL-003	아이디어	키워드 매칭 신호와 의미적 유사도 신호를 가중 결합해 최종 관련도 스코어를 산출	-	-	-	- 키워드 매칭 신호 또는 의미적 유사도 신호 중 1개 이상이 존재하는 상태	- 키워드 매칭 신호와 의미적 유사도 신호의 스코어 분포가 달라 결합 결과가 한쪽 신호에 과도하게 치우치는 상태인 경우 - 한쪽 신호가 생성되지 않아 다른 신호만으로 최종 관련도 스코어를 산출하는 상태인 경우 - 가중 결합 정책이 유효하지 않아 안전한 기본 결합 정책으로 폴백해야 하는 상태인 경우	- 키워드 매칭 신호 또는 의미적 유사도 신호가 생성된 상태일 때, 가중 결합을 수행하면, 엔트리별 최종 관련도 스코어를 산출함 - 한쪽 신호가 결측인 상태에서, 가중 결합을 수행하면, 존재하는 신호만으로 최종 관련도 스코어를 산출함 - 가중 결합을 수행할 때, 키워드 매칭 신호와 의미적 유사도 신호의 스코어 분포 차이로 결합 결과가 한쪽에 치우칠 수 있는 상태라면, 결합 왜곡을 완화하는 정규화 정책을 적용함 - 가중 결합을 수행할 때, 가중 결합 정책이 유효하지 않은 상태라면, 안전한 기본 결합 정책으로 폴백해 최종 관련도 스코어를 산출함
Rank Entries by Relevance	background	Retrieve Entries with Filters	RCL	RCL-003	아이디어	최종 관련도 스코어 기준으로 결과 엔트리를 정렬하고, 동점 시 안정적인 동점 처리 규칙으로 일관된 순서를 보장	-	-	-	- 결과 엔트리 후보 집합이 존재하는 상태	- 관련도 스코어 동점이 대량으로 발생해 안정적인 동점 처리 규칙이 필요한 경우 - 일부 엔트리에 관련도 스코어가 없어 결측 값을 처리한 뒤 정렬해야 하는 경우 - 결과 엔트리 수가 매우 커 정렬 비용이 크게 증가하는 경우  - 키워드 매칭 신호와 의미적 유사도 신호가 모두 생성되지 않아 기본 정렬 규칙으로 결과를 산출해야 하는 경우	- 엔트리별 최종 관련도 스코어가 산출된 상태일 때, 정렬을 수행하면, 최종 관련도 스코어 기준으로 결과 엔트리를 정렬함 - 관련도 스코어 동점이 대량으로 발생하는 상태일 때, 정렬을 수행하면, 안정적인 동점 처리 규칙을 적용해 일관된 순서를 보장함 - 일부 엔트리에 관련도 스코어가 결측인 상태일 때, 정렬을 수행하면, 결측 값을 처리하는 정책을 적용한 뒤 정렬함 - 결과 엔트리 수가 매우 커 정렬 비용이 크게 증가하는 상태일 때, 정렬을 수행하면, 성능 보호 정책을 적용해 정렬 비용을 제한함
Submit Message	command	Handle User Request	CDA	CDA-001	준비 완료	Chat Pane 인풋 필드에 입력된 Message를 제출해 User Request 처리 플로우를 시작	file_manager_window.inspector_pane.inspector_mode_chat	-	Enter	- 채팅 입력창이 포커스 상태 - 입력된 Message가 공백이 아닌 상태 - 이전에 제출된 Message가 처리 중이지 않은 상태	-	- Chat Pane의 인풋 필드가 입력된 Message가 공백이 아닌 상태일 때, 사용자가 해당 인터랙션을 호출하면, 새 User Request가 생성되고 채팅 히스토리에 Message가 추가됨  - 사용자가 해당 인터랙션을 호출했을 때, 이전에 제출된 Message가 처리 중인 상태라면, 새 Submit Message를 제출이 막힘 - 인풋 필드가 포커스된 상태일 때, 할당된 키보드 숏컷을 누르면, 해당 인터랙션이 호출됨
Plan User Request	background	Handle User Request	CDA	CDA-001	드래프트							
Start Intent Steps	background	Handle User Request	CDA	CDA-001	드래프트							
Split Message into Chunks	background	Handle User Request	CDA	CDA-001	취소	User Request Message를 의미 단위로 분리해, 이후 Intent의 기본 단위로 사용할 Chunk 목록을 생성	-	-	-	- 대상 User Request Message가 제출되어 처리가 시작되는 상태	- Message가 하나의 의미만 담고 있어 추가 분리가 실질적인 이득이 없는 경우  - 서로 다른 의미가 섞여 있지만 문장 구조가 애매해 의미 경계를 명확히 나누기 어려운 경우  - 앞뒤 문맥을 함께 봐야 의미가 드러나 Chunk를 과도하게 잘게 나눌 위험이 있는 경우	- 제출된 User Request Message가 처리가 시작될 때, 대상 Message 내 서로 다른 작업·질문·조건 등 의미상 두 개 이상의 블록이 포함된 상태라면, 각 의미 블록이 독립된 Chunk로 분리됨 - 제출된 User Request Message가 처리가 시작될 때, 대상 Message가 하나의 일관된 의미만 담고 있는 상태라면, Message 전체가 단일 Chunk로 유지됨 - 제출된 User Request Message가 처리가 시작될 때, 의미 경계를 명확히 나누기 어려운 상태라면, 의미를 최대한 보존하는 보수적인 기준으로 Chunk 목록이 생성됨
Route Chuncks to Intents	background	Handle User Request	CDA	CDA-001	취소	분리된 각 Chunk의  내용을 분석해 적절한 Intent로 분류	-	-	-	- 대상 User Request Message에 하나 이상의 Chunk가 존재하는 상태	- 특정 Chunk 텍스트가 너무 짧거나 모호해 어떤 Intent로도 명확히 판별하기 어려운 경우  - 두 개 이상의 Intent 점수가 임계값 이상이면서 서로 근접해 단일 Intent로 결정하기 애매한 경우 - Chunk의 의도를 판별하기 위해 앞뒤 Chunk의 문맥을 함께 고려해야 하는 경우	- 대상 User Request Message에 하나 이상의 Chunk가 존재하는 상태일 때, 각 Chunk에 대해 지원되는 Intent 집합에 대한 점수를 계산하면, 임계값 이상이면서 가장 높은 점수를 가진 Intent가 그 Chunk의 Intent로 지정됨 - 특정 Chunk에 대해 모든 Intent 점수가 임계값 미만인 상태일 때, 해당 Chunk를 평가하면, 그 Chunk의 Intent는 기본 Intent인 Ask로 지정되고, 추가 Clarify가 필요함을 나타내는 저신뢰도 플래그가 함께 기록됨 - 특정 Chunk에 대해 두 개 이상의 Intent 점수가 임계값 이상이면서 서로 근접해 단일 Intent로 결정하기 애매한 상태일 때, 해당 Chunk를 평가하면, 우선 해당 Chunk를 더 세분화하는 재청크를 시도하여 단일한 Intent를 갖도록 함 - 특정 Chunk의 텍스트만으로는 Intent를 판별하기 어려우나 앞뒤 Chunk의 문맥을 함께 고려했을 때 특정 Intent가 명확해지는 상태일 때, 해당 Chunk를 평가하면, 앞뒤 Chunk와의 문맥 일관성을 우선 기준으로 그 Chunk의 Intent가 지정됨
Order Intents for Execution	background	Handle User Request	CDA	CDA-001	취소	청크별로 지정된 Intent를 입력으로 받아, Intent별 실행 순서와 각 Intent 단계에서 처리할 Chunk 묶음을 정의	-	-	-	- 각 Chunk에 대해 단일 Intent가 지정된 상태	- 모든 Chunk가 동일한 Intent로 지정되어 Execution Plan이 단일 Intent 단계만 포함하게 되는 경우	- 각 Chunk 별 단일한 Intent가 지정이 됐을 때, 서로 다른 Intent를 가진 Chunk가 둘 이상 존재하는 한다면, 사전 정의된 규칙에 따라 Intent별 실행 순서와 각 Intent 단계에서 처리할 Chunk 묶음이 결정됨 - 각 Chunk 별 단일한 Intent가 지정이 됐을 때, 모든 Chunk가 동일한 Intent로 지정되었다면, 원본 Chunk 순서를 유지하는 단일 Intent 단계의 실행 순서가 결정됨
Stream Processing Message	display	Handle User Request	CDA	CDA-001	기획 완료	대상 User Request Message에 대한 응답을 토큰 또는 청크 단위로 Chat Pane에 점진적으로 표시함	file_manager_window.inspector_pane.inspector_mode_chat	-	-	- 대상 User Request Message가 처리 중인 상태	- Cancel Processing Message 인터랙션이 호출되는 경우  - 네트워크 오류로 응답 수신이 중단되는 경우	- 유저가 Submit Message 호출이 정상적으로 처리되었을 때, 시스템이 해당 인터랙션을 실행하면, 응답 텍스트가 토큰 또는 청크 단위로 점진적으로 표시됨 - 대상 User Request Message가 처리 중인 상태일 때, 사용자가 Cancel Processing Message를 호출하면, 추가 토큰이 표시되지 않고 스트리밍이 즉시 종료됨 - 대상 User Request Message가 처리 중인 상태일 때, 네트워크 오류가 발생한다면, 이미 수신된 부분 응답까지만 표시되고 오류 상태가 함께 표시됨
Cancel Processing Message	command	Handle User Request	CDA	CDA-001	기획 완료	처리 중인 User Request Message의 응답 스트리밍 및 후속 처리를 중단함	file_manager_window.inspector_pane.inspector_mode_chat	-	⌃C	- 대상 User Request Message가 처리 중인 상태 	- User Request가 거의 완료된 시점에 취소 요청이 들어오는 경우  - 네트워크 지연으로 취소 요청 반영이 늦어지는 경우  - 같은 대상 User Request Message에 대해 Cancel Processing Message 인터랙션이 연속으로 여러 번 호출되는 경우	- 대상 User Request Message가 처리 중인 상태일 때, 사용자가 해당 인터랙션을 호출하면, 해당 Request의 응답 스트리밍과 후속 처리가 즉시 중단됨 - 대상 User Request Message가 처리 중인 상태일 때, 사용자가 해당 인터랙션을 연속으로 여러 번 호출하면, 첫 호출에서만 취소 처리가 수행되고 이후 호출에서는 추가적인 상태 변화 없이 기존 취소 상태가 유지됨 - 사용자가 해당 인터랙션을 호출했을 때, 대상 User Request Message가 처리 응답이 거의 완료된 시점이거나 네트워크 지연으로 취소 요청이 늦게 도달한다면, 일부 추가 토큰이 표시될 수 있으나 취소 요청이 반영된 이후에는 더 이상 응답이 표시되지 않고 Request가 취소 상태로 유지됨
Regenerate Response	command	Handle User Request	CDA	CDA-001	기획 완료	특정 User Request Message에 대해 응답을 재생성하도록 새 생성 Run을 시작하고, 기존 응답은 버전으로 보존	file_manager_window.inspector_pane.inspector_mode_chat	-	-	- 대상 Message에 Assistant Response가 존재하는 상태	- 기존 스트리밍이 진행 중인 경우  - 연속 재호출하는 경우	- 응답이 존재할 때, 사용자가 호출하면, 기존 응답은 이전 버전으로 유지되고 새 응답 생성이 시작됨. - 생성 중 재호출하면, 중복 실행이 방지되고 마지막 요청만 유효하게 처리됨.
Submit Response Feedback	command	Handle User Request	CDA	CDA-001	기획 완료	생성된 응답에 대해 Good/Bad 평가와 선택적 코멘트를 저장	file_manager_window.inspector_pane.inspector_mode_chat	-	-	- 대상 Message에 Assistant Response가 표시된 상태	- Good/Bad를 반복 변경하는 경우 - 전송 실패/오프라인인 경우	- 응답이 표시된 상태일 때, 사용자가 Good 또는 Bad를 선택하면, 평가가 해당 응답에 연결되어 저장됨. - Bad 선택 후 코멘트를 입력하면, 코멘트가 함께 저장됨. - 반복 변경 시, 마지막 선택이 유효하게 반영됨.
Build Ask Context from Request	background	Handle Ask Intent	CDA	CDA-002	기획 완료	Organize Intent Chunk 내용과 이전 컨텍스트를 기반으로, 질의 응답에 참고할 컨텍스트를 구성	-	-	-	- Ask Intent로 분류된 Chunk가 하나 이상 존재하는 상태	-	
Generate Ask Response	background	Handle Ask Intent	CDA	CDA-002	기획 완료	생성된 컨텍스트 기반으로 LLM을 호출해 자연어 문장 형태의 Reponse를 생성	-	-	-	- Ask Context가 준비된 상태	- Ask Context에 포함된 컨텍스트 양이 많아 응답 생성이 오래 걸리거나 부분 응답만 생성되는 경우	- Ask Context가 준비된 상태일 때, Generate Ask Response 인터랙션이 실행되면, Ask Intent로 분류된 Chunk와 Ask Context를 바탕으로 질문에 대한 자연어 응답 텍스트가 생성되고 해당 User Request Message에 연결됨. - Ask Context에 포함된 컨텍스트 양이 많아 응답 생성이 오래 걸리거나 부분 응답만 생성되는 상태일 때, Generate Ask Response 인터랙션이 실행되면, 생성이 완료된 구간까지의 응답 텍스트가 User Request Message에 저장되고, 응답이 부분적으로만 생성되었다는 상태 정보가 함께 기록됨.
Show Ask Results	display	Handle Ask Intent	CDA	CDA-002	기획 완료	생성 완료된 Ask Intent Response를 Chat Pane에 표시	file_manager_window.inspector_pane.inspector_mode_chat	-	-	- 현재 대화에서 Ask Intent에 대한 응답이 하나 이상 생성된 상태 - Inspector Pane이 Chat 모드로 표시된 상태	- Ask 응답 텍스트가 매우 길어 접힘 또는 요약 표시가 필요한 경우  - 동일 User Request에 대해 재질문 또는 재생성이 여러 번 수행된 경우  - 응답 생성 중 취소나 오류가 발생해 부분 응답만 존재하는 경우	- 현재 대화에서 Ask Intent에 대한 응답이 존재하는 상태일 때, 시스템이 Show Ask Results 인터랙션을 실행하면, 해당 응답이 User Request 단위로 결과 영역에 표시됨.  - Ask 응답 텍스트가 매우 긴 상태일 때, 시스템이 Show Ask Results 인터랙션을 실행하면, 요약 또는 접힘 UI를 사용해 주요 내용이 먼저 보이도록 표시됨.  - Ask 응답이 부분적으로만 생성된 상태일 때, 시스템이 Show Ask Results 인터랙션을 실행하면, 생성된 부분과 함께 응답이 불완전하다는 상태가 명확히 표시됨.
Build Collection Filter Draft from Request	background	Handle Retrieve Intent	CDA	CDA-003	기획 완료	Retrieve Intent Chunk와 현재 컨텍스트를 기반으로 콜렉션 필터 초안을 생성하고 초안 상태(완전/불완전/충돌)를 기록	-	-	-	- Retrieve Intent로 분류된 Chunk가 하나 이상 존재하는 상태	- User Request에 검색 범위나 조건이 명시되지 않은 모호한 요청인 경우  - 현재 컨텍스트가 삭제되었거나 권한이 없는 위치를 가리키는 경우  - 예상 결과 수가 매우 많아 과도한 결과 세트가 생성될 가능성이 높은 경우	- User Request가 Retrieve Intent로 분류된 상태일 때, 시스템이 Build Retrieval Query from Request 인터랙션을 실행하면, 검색 범위와 키워드 또는 필터가 포함된 Retrieval Query 객체가 생성됨.  - 현재 컨텍스트가 유효하지 않은 상태일 때, 시스템이 Build Retrieval Query from Request 인터랙션을 실행하면, Retrieval Query가 기본 검색 범위로 대체되어 안전하게 생성됨.  - User Request에 검색 조건이 거의 없는 상태일 때, 시스템이 Build Retrieval Query from Request 인터랙션을 실행하면, 과도한 결과를 방지하기 위한 기본 제한 조건이 포함된 Retrieval Query가 생성됨.
Show Collection Filter Draft		Handle Retrieve Intent	CDA	CDA-003	드래프트							
Update Collection Filter Draft		Handle Retrieve Intent	CDA	CDA-003	드래프트							
Refresh Collection Preview On Draft Change		Handle Retrieve Intent	CDA	CDA-003	드래프트							
Show Collection Preview		Handle Retrieve Intent	CDA	CDA-003	드래프트							
Confirm Collection Filter		Handle Retrieve Intent	CDA	CDA-003	드래프트							
Run Confirmed Retrieval		Handle Retrieve Intent	CDA	CDA-003	드래프트							
Show Temporary Collection		Handle Retrieve Intent	CDA	CDA-003	드래프트							
Expand Temporary Collection as Page		Handle Retrieve Intent	CDA	CDA-003	드래프트							
Run Retrieval Query	background	Handle Retrieve Intent	CDA	CDA-003	기획 완료		-	-	-	- 유효한 Retrieval Query 객체가 준비된 상태	- 검색 엔진에서 타임아웃 또는 일시적 장애가 발생하는 경우  - 검색 결과가 0건인 경우  - 검색 결과가 최대 허용 개수를 초과하는 경우	- 유효한 Retrieval Query가 준비된 상태일 때, 시스템이 Run Retrieval Query 인터랙션을 실행하면, 검색 엔진으로부터 entry 결과 세트 또는 0건 결과 응답을 수신함.  - 검색 엔진에서 타임아웃이나 장애가 발생한 상태일 때, 시스템이 Run Retrieval Query 인터랙션을 실행하면, 결과 대신 오류 상태와 오류 코드가 상위 계층으로 반환됨.  - 검색 결과가 최대 허용 개수를 초과하는 상태일 때, 시스템이 Run Retrieval Query 인터랙션을 실행하면, 정의된 최대 개수까지만 결과를 반환하고 추가 조회를 위한 정보를 함께 반환함.
Show Retrieval Results	display	Handle Retrieve Intent	CDA	CDA-003	기획 완료		file_manager_window.inspector_pane.inspector_mode_chat	-	-	- 현재 대화에서 Retrieve Intent에 대한 응답이 완료된 상태 - Inspector Pane이 Chat 모드로 표시된 상태	- 검색 결과가 너무 많아 페이지네이션 또는 ‘더 보기’ 인터랙션이 필요한 경우  - 사용자 컨텍스트가 이미 다른 범위로 변경된 후 늦게 도착한 결과를 표시해야 하는 경우  - 동일 대화 내 여러 Retrieve Intent 결과가 섞여 있는 경우	- 현재 User Request에 대한 Retrieval 결과 세트가 존재하는 상태일 때, 시스템이 Show Retrieval Results 인터랙션을 실행하면, 해당 결과가 Chat 결과 영역에 하나의 그룹으로 표시됨.  - Retrieval 결과가 0건인 상태일 때, 시스템이 Show Retrieval Results 인터랙션을 실행하면, ‘결과 없음’ 메시지와 함께 현재 검색 범위나 필터 정보를 요약해 표시됨.  - 동일 대화 안에 여러 Retrieve Intent 결과가 존재하는 상태일 때, 시스템이 Show Retrieval Results 인터랙션을 실행하면, 각 User Request별로 결과 그룹이 구분되어 표시됨.
Build Organize Commands from Request	background	Handle Organize Intent	CDA	CDA-004	기획 완료	Organize Intent Chunk 내용과 이전 컨텍스트를 기반으로 실제 실행될 스코프의 Working Set을 생성하고, 정리 명령 목록을 생성	-	-	-	- Organize Intent로 분류된 Chunk가 하나 이상 존재하는 상태 - 현재 사용자에게 대상 Entry에 대한 쓰기 권한이 있음	- 대상 entry가 하나도 선택되지 않은 경우  - 일부 entry에 대한 쓰기 권한이 부족한 경우  - 서로 충돌하는 명령이나 위험도가 높은 명령이 동시에 생성되는 경우	- User Request가 Organize Intent로 분류되고 대상 entry가 식별 가능한 상태일 때, 시스템이 Build Organize Commands from Request 인터랙션을 실행하면, 각 entry에 대해 수행할 정리 명령 목록이 생성됨.  - 대상 entry 일부에 쓰기 권한이 없는 상태일 때, 시스템이 Build Organize Commands from Request 인터랙션을 실행하면, 권한이 있는 entry에 대한 명령만 생성되고 권한이 없는 entry는 오류 정보와 함께 제외됨.  - 생성된 명령 중 서로 충돌하거나 위험도가 높은 명령이 포함된 상태일 때, 시스템이 Build Organize Commands from Request 인터랙션을 실행하면, 해당 명령에 별도 플래그가 설정되어 프리뷰 단계에서 강조 표시됨.
Show Organize Commands Preview	display	Handle Organize Intent	CDA	CDA-004	기획 완료	생성된 정돈 명령이 파일 시스템에 미칠 영향을 사용자에게 요약/프리뷰로 제공	file_manager_window.inspector_pane.inspector_mode_chat	-	-	- 현재 대화에서 Organize Intent에 대한 명령이 하나 이상 생성된 상태 - Inspector Pane이 Chat 모드로 표시된 상태	- 명령 개수가 매우 많아 전체를 한 번에 표시하기 어려운 경우  - 일부 명령의 영향 범위를 계산할 수 없는 경우  - 프리뷰 표시 후 User Request가 변경되어 기존 프리뷰가 무효화되는 경우	- 유효한 Organize Commands 목록이 존재하는 상태일 때, 시스템이 Show Organize Commands Preview 인터랙션을 실행하면, 각 명령의 대상과 수행 액션 및 예상 결과가 프리뷰 형태로 표시됨.  - 위험 플래그가 설정된 명령이 포함된 상태일 때, 시스템이 Show Organize Commands Preview 인터랙션을 실행하면, 해당 명령이 시각적으로 강조되어 사용자에게 추가 주의를 요청함.  - 프리뷰가 표시된 이후 User Request가 변경된 상태일 때, 시스템이 Show Organize Commands Preview 인터랙션을 다시 실행하면, 이전 프리뷰가 무효화되고 최신 Request 기준으로 생성된 프리뷰가 표시됨.
Confirm Organize Commands	command	Handle Organize Intent	CDA	CDA-004	기획 완료	사용자가 정돈 명령어 프리뷰를 확인 후 실행 승인 및 거절을 선택	file_manager_window.inspector_pane.inspector_mode_chat	-	-	- 처리 중인 Message가 Organize Intent를 포함하는 상태 - Organize Commands 프리뷰가 화면에 표시된 상태임  - 실행 가능한 Organize Command가 하나 이상 존재함 - 현재 사용자에게 대상 entry에 대한 수정 권한이 있음	- 사용자가 승인 또는 거절 버튼을 빠르게 연속 클릭하는 경우  - 승인 직전에 대상 entry가 외부 요인으로 변경되거나 삭제되는 경우  - 프리뷰가 표시된 탭이나 창이 승인 과정 중에 닫히는 경우	- Organize Commands 프리뷰가 표시된 상태일 때, 사용자가 Confirm Organize Commands 인터랙션에서 실행을 승인하면, 승인된 명령 목록이 Execute Organize Commands 단계로 한 번만 전달됨.  - Organize Commands 프리뷰가 표시된 상태일 때, 사용자가 Confirm Organize Commands 인터랙션에서 실행을 거절하면, 어떤 명령도 실행되지 않고 프리뷰가 닫힘.  - 같은 User Request에 대해 사용자가 Confirm Organize Commands 인터랙션을 반복 호출한 상태일 때, 시스템이 후속 호출을 처리하면, 첫 승인 또는 거절 결과만 유효하게 유지되고 중복 요청은 무시됨.
Execute Organize Commands	background	Handle Organize Intent	CDA	CDA-004	기획 완료	승인된 정돈 명령을 실제 파일 시스템에 적용	-	-	-	- 처리 중인 Message가 Organize Intent를 포함하는 상태 - 승인된 Organize Commands 목록이 존재함  - 대상 entry에 대한 파일 시스템 및 콜렉션 쓰기 권한이 있음  - 파일 시스템과 관련 서비스가 정상 동작 중임	- 일부 명령만 성공하고 일부 명령이 실패하는 부분 성공 상황이 발생하는 경우  - 파일 시스템 잠금 또는 동시 접근으로 인해 일시적으로 실패하는 경우  - 되돌릴 수 없는 작업(예: 영구 삭제)이 포함된 경우	- 승인된 Organize Commands 목록이 존재하는 상태일 때, 시스템이 Execute Organize Commands 인터랙션을 실행하면, 각 명령이 파일 시스템과 콜렉션에 순차적으로 적용됨.  - 일부 명령만 성공하고 일부 명령이 실패한 상태일 때, 시스템이 Execute Organize Commands 인터랙션을 완료하면, 성공·실패 여부와 이유가 개별 명령 단위로 기록됨.  - 되돌릴 수 없는 작업이 포함된 상태일 때, 시스템이 Execute Organize Commands 인터랙션을 실행하면, 사전 확인을 통과한 명령만 실행되고 확인되지 않은 명령은 실행되지 않음.
Show Organize Results	display	Handle Organize Intent	CDA	CDA-004	기획 완료	실행 완료된 Oragnize Intent Response를 Chat Pane에 표시	file_manager_window.inspector_pane.inspector_mode_chat	-	-	- 처리 중인 Message가 Organize Intent를 포함하는 상태 - 현재 대화에서 Organize Commands 실행 결과 기록이 존재함  - Inspector Pane이 Chat 모드로 표시되어 있음  - 결과를 표시할 수 있는 UI 영역이 렌더링된 상태임	- Organize 실행 결과가 매우 많아 한 번에 표시하기 어려운 경우  - Organize 실행 후 entry가 외부 요인으로 다시 변경되거나 삭제된 경우  - 서로 다른 User Request에서 실행된 Organize 결과가 섞여 있는 경우	- 현재 대화에서 Organize 실행 기록이 존재하는 상태일 때, 시스템이 Show Organize Results 인터랙션을 실행하면, 해당 실행 결과만 시간 순으로 결과 영역에 표시됨.  - Organize 실행 결과가 매우 많은 상태일 때, 시스템이 Show Organize Results 인터랙션을 실행하면, 스크롤 또는 페이지네이션 등을 사용해 결과가 나누어 표시됨.  - Organize 실행 후 entry가 외부 요인으로 다시 변경된 상태일 때, 시스템이 Show Organize Results 인터랙션을 실행하면, 원래 실행 결과와 현재 상태가 명확히 구분되어 표시됨.
Add Context from Picker	command	Manage Message Context	CDA	CDA-005	기획 완료	챗 필드의 컨텍스트 추가 버튼을 통해 컨텍스트 드랍다운을 열고, 사용자가 선택한 엔트리 등 컨텍스트 요소를 현재 메시지의 컨텍스트로 추가	file_manager_window.inspector_pane.inspector_mode_chat	-	-	- 챗 필드가 표시된 상태이고 Chat Pane이 활성화된 상태 - 챗 필드 상단 또는 인근에 컨텍스트 추가 버튼이 표시된 상태 - 컨텍스트 드랍다운에 표시할 후보 컨텍스트 요소가 하나 이상 존재하는 상태	- 사용자가 컨텍스트 드랍다운을 열었지만 어떤 항목도 선택하지 않고 취소하거나 포커스를 잃는 경우 - 이미 현재 메시지의 컨텍스트로 추가된 요소를 다시 선택하는 경우 - 드랍다운에 표시된 후보 중 일부가 선택 시점에 삭제되었거나 접근 권한이 사라진 상태인 경우	- 컨텍스트 후보가 하나 이상 존재하는 상태에서 사용자가 드랍다운에서 유효한 컨텍스트 요소를 선택하면, 해당 요소가 현재 메시지의 컨텍스트 목록에 추가되고 챗 필드 상단에 컨텍스트 칩으로 표시됨. - 이미 추가된 컨텍스트 요소를 다시 선택한 상태에서 사용자가 해당 인터랙션을 수행하면, 중복 컨텍스트가 추가되지 않거나, 중복을 허용하는 설정이라면 동일 요소가 한 번만 사용되도록 정의된 동작(예: 기존 항목 강조)이 수행됨. - 드랍다운에 표시된 요소가 선택 시점에 유효하지 않은 상태일 때, 사용자가 해당 요소를 선택하면, 컨텍스트로 추가되지 않고 오류 또는 사용 불가 상태가 사용자에게 표시
Add Selection as Context	command	Manage Message Context	CDA	CDA-005	기획 완료	콘텐트 패인에서 선택된 엔트리 집합을 현재 메시지의 컨텍스트로 추가	file_manager_window.inspector_pane.inspector_mode_chat	 Context	-	- Content Pane에서 하나 이상의 엔트리가 선택된 상태 - Chat Pane과 챗 필드가 표시된 상태 - 선택된 엔트리에 대해 현재 사용자에게 최소 읽기 권한이 있는 상태	- 선택된 엔트리가 너무 많아 하나의 컨텍스트로 처리하기에 부담이 되는 경우 - 선택된 엔트리 중 일부는 접근 권한이 없거나 삭제·이동 등으로 실제로 참조할 수 없는 경우 - 선택 상태가 빠르게 변경되는 타이밍(선택 해제·재선택 등)에 인터랙션이 호출되는 경우	- 하나 이상의 엔트리가 선택된 상태에서 사용자가 해당 인터랙션을 호출하면, 선택된 엔트리 집합이 현재 메시지의 컨텍스트로 추가되고 하나의 컨텍스트 칩으로 표시됨. - 선택된 엔트리 중 일부에 접근할 수 없는 상태일 때, 사용자가 해당 인터랙션을 호출하면, 접근 가능한 엔트리만 컨텍스트로 포함되고 제외된 엔트리에 대해서는 제외 사유가 메타데이터로 기록되거나 사용자에게 안내됨. - 선택된 엔트리가 없는 상태에서 사용자가 해당 인터랙션을 호출하면, 컨텍스트가 추가되지 않고 아무 변화도 일어나지 않음.
Add Inline Context Reference	input	Manage Message Context	CDA	CDA-005	기획 완료	챗 필드에서 특정 트리거 문자(`@`)를 사용해 엔트리 등 컨텍스트 요소를 인라인으로 참조하여 현재 메시지의 컨텍스트로 추가	file_manager_window.inspector_pane.inspector_mode_chat	-	-	- 챗 필드가 포커스된 상태 - 챗 필드에서 인라인 컨텍스트 트리거 문자(예: @)를 입력하면 컨텍스트 검색/선택 UI가 표시되는 상태 - 검색/선택 UI가 표시할 수 있는 컨텍스트 후보(엔트리·페이지·채팅 등)가 존재하는 상태	- 사용자가 트리거 문자를 입력했지만 검색 결과가 비어 있는 경우 - 사용자가 인라인 검색 UI에서 아무 항목도 선택하지 않고 입력을 종료하는 경우 - 이미 메시지의 컨텍스트로 추가된 대상을 인라인에서 다시 참조하는 경우	- 챗 필드가 포커스된 상태에서 사용자가 트리거 문자와 검색어를 입력하고 후보 목록에서 대상을 선택하면, 선택된 대상이 현재 메시지의 컨텍스트로 추가되고 인라인 텍스트에는 해당 참조가 하이라이트 또는 토큰 형태로 표시됨. - 검색 결과가 비어 있는 상태에서 사용자가 인라인 컨텍스트를 선택하려고 시도하면, 컨텍스트가 추가되지 않고 검색 결과 없음 상태가 사용자에게 표시됨. - 이미 컨텍스트로 추가된 대상을 인라인에서 다시 참조하는 상태에서 사용자가 해당 인터랙션을 수행하면, 인라인 참조는 추가되지만 중복 컨텍스트가 생성되지 않거나, 중복 정책에 따라 정의된 동작(예: 기존 컨텍스트와 인라인 참조 연결)이 수행됨.
Remove Context	command	Manage Message Context	CDA	CDA-005	기획 완료	현재 챗 필드에 추가된 해당 컨텍스트를 제거	file_manager_window.inspector_pane.inspector_mode_chat	-	⌫	- 현재 챗 필드에 하나 이상의 컨텍스트 칩이 추가된 상태 - 사용자가 제거 대상으로 삼을 컨텍스트 칩을 식별하거나 선택할 수 있는 상태	- 현재 메시지에 단 하나의 컨텍스트만 존재하는 상태에서 이를 제거하는 경우 - 동일 컨텍스트에 대해 제거 인터랙션이 연속으로 호출되는 경우 - 컨텍스트 제거 직후 사용자가 Undo 등 복구 동작을 수행하는 경우	- 현재 메시지에 하나 이상의 컨텍스트가 존재하는 상태에서 사용자가 특정 컨텍스트 칩에 대해 Remove Context 인터랙션을 호출하면, 해당 컨텍스트가 메시지의 컨텍스트 목록에서 제거되고 칩이 즉시 사라짐. - 현재 메시지에 하나의 컨텍스트만 존재하는 상태에서 사용자가 Remove Context 인터랙션을 호출하면, 해당 컨텍스트가 제거되어 메시지는 명시적 컨텍스트 없이 암묵적 컨텍스트만 사용하는 상태가 됨. - 이미 제거된 컨텍스트에 대해 Remove Context 인터랙션이 다시 호출된 상태일 때, 추가적인 상태 변화는 발생하지 않고 기존 메시지 컨텍스트 상태가 유지됨.
Edit Context	command	Manage Message Context	CDA	CDA-005	기획 완료	추가된 해당 컨텍스트를 다른 컨텍스트 요소로 교체	file_manager_window.inspector_pane.inspector_mode_chat			- 현재 챗 필드에 하나 이상의 컨텍스트 칩이 추가된 상태 - 교체 대상으로 삼을 기존 컨텍스트 칩이 선택되었거나 편집 UI를 통해 지정된 상태 - 컨텍스트 드랍다운 또는 선택 UI에 새로운 컨텍스트 후보가 하나 이상 존재하는 상태	- 새로 선택한 컨텍스트가 기존 컨텍스트와 동일한 대상인 경우 - 새로 선택한 컨텍스트 대상이 선택 시점에 삭제되었거나 접근 권한이 사라진 상태인 경우 - 기존 컨텍스트가 여러 Intent에서 동시에 사용될 수 있는 구성에서, 교체가 다른 Intent 해석에 영향을 줄 수 있는 경우	- 기존 컨텍스트 칩이 선택된 상태에서 사용자가 Edit Context 인터랙션으로 다른 유효한 컨텍스트 요소를 선택하면, 해당 컨텍스트 칩이 새 대상으로 교체되고 메시지의 컨텍스트 목록에서도 참조 대상이 새 요소로 업데이트됨. - 새로 선택한 컨텍스트가 기존 컨텍스트와 동일한 대상인 상태에서 Edit Context 인터랙션이 실행되면, 컨텍스트 대상은 변경되지 않고 메시지 컨텍스트 구성에 추가적인 변화가 발생하지 않음. - 새로 선택한 컨텍스트 대상이 삭제되었거나 접근 권한이 없는 상태에서 Edit Context 인터랙션이 실행되면, 기존 컨텍스트는 유지되고 교체가 실패했다는 정보가 사용자에게 표시되거나 메타데이터에 기록됨.
Add New Custom Property on Entry	command	Manage Custom Entry Properties	CEP	CEP-001	드래프트	선택한 엔트리에 새 사용자 정의 프로퍼티를 추가하고 초기 값을 설정한다. 필요 시 워크스페이스 차원의 프로퍼티 스키마도 함께 생성한다.	file_manager_window.inspector_pane.inspector_mode_property	Edit	-	- 하나 이상의 엔트리가 선택된 상태- 인스펙터 패인이 프로퍼티 모드이거나 커스텀 프로퍼티 편집 UI에 접근 가능한 상태 - 선택된 엔트리(들)에 사용자 정의 프로퍼티를 기록할 수 있는 권한이 확보된 상태 	- 입력한 프로퍼티 키가 워크스페이스에 이미 존재하는 경우 - 입력한 프로퍼티 키가 비어있거나 허용되지 않은 문자·형식을 포함하는 경우 - 선택한 프로퍼티 타입과 초기 값이 호환되지 않는 경우 - 복수 엔트리가 선택된 상태에서 일부 엔트리에만 적용이 가능한 경우 - 저장 과정에서 워크스페이스 스키마 생성 또는 값 저장이 실패하는 경우 - 인젝션이 의심되는 입력이 포함된 경우	- 하나 이상의 엔트리가 선택된 상태일 때, 사용자가 새 프로퍼티 키·타입·초기 값을 입력하고 저장하면, 선택된 엔트리(들)에 커.스텀 프로퍼티를 추가하고 값을 저장함. - 동일 키의 프로퍼티 스키마가 워크스페이스에 없는 상태일 때, 사용자가 저장하면, 워크스페이스 차원의 프로퍼티 스키마를 생성하고 엔트리 프로퍼티가 해당 스키마를 참조하게 함. - 키 또는 초기 값 입력이 유효하지 않은 상태일 때, 사용자가 저장하면, 저장을 차단하고 유효성 오류를 표시함. - 복수 엔트리 중 일부에만 저장이 성공한 상태일 때, 시스템이 결과를 표시하면, 성공·실패 대상을 구분해 표시하고 실패 사유를 제공함.
Rename Custom Property Key	input	Manage Custom Entry Properties	CEP	CEP-001	드래프트	선택한 엔트리에서 사용 중인 커스텀 프로퍼티의 키 이름을 변경하고, 워크스페이스 전역에서 해당 키를 사용하는 모든 엔트리·규칙·컬렉션 정의를 함께 업데이트한다.	file_manager_window.inspector_pane.inspector_mode_property	-	-	- 이름을 변경할 커스텀 프로퍼티가 선택된 상태 - 대상 프로퍼티가 워크스페이스 스키마로 등록되어 있는 상태 - 프로퍼티 스키마를 편집할 권한을 보유한 상태	- 입력한 새 키가 비어있거나 허용되지 않은 문자·형식을 포함하는 경우 - 입력한 새 키가 기존 다른 스키마 키와 중복되는 경우 - 입력한 새 키가 기존 키와 동일한 경우 - 대상 키가 컬렉션 정의·규칙·필터 조건·Computed Property 수식에서 참조되는 경우 - 참조 업데이트 중 일부 항목 업데이트가 실패하는 경우 - 인젝션이 의심되는 입력이 포함된 경우	- 대상 커스텀 프로퍼티가 선택된 상태일 때, 사용자가 유효한 새 키로 저장하면, 워크스페이스 전역 스키마 키를 변경하고 해당 키를 참조하는 엔트리·규칙·컬렉션 정의를 새 키로 갱신함. - 새 키가 유효하지 않거나 중복인 상태일 때, 사용자가 저장하면, 저장을 차단하고 중복·유효성 오류를 표시함. - 키 변경 작업이 실패한 상태일 때, 시스템이 결과를 표시하면, 기존 키와 참조를 유지하고 실패 사유 및 재시도 옵션을 표시함. - 키 변경이 완료된 상태일 때, 사용자가 관련 화면을 새로 열거나 검색·필터를 수행하면, 기존 키는 노출하지 않고 새 키만 일관되게 사용함.
Edit Custom Property Value	input	Manage Custom Entry Properties	CEP	CEP-001	드래프트	선택한 엔트리에서 사용 중인 커스텀 프로퍼티의 라벨, 설명, 표시 옵션 등 정의 정보를 수정하고, 동일 프로퍼티를 사용하는 다른 엔트리에도 반영한다.	file_manager_window.inspector_pane.inspector_mode_property	-	-	- 편집할 커스텀 프로퍼티가 선택된 상태 - 대상 프로퍼티가 워크스페이스 스키마로 등록되어 있는 상태 - 프로퍼티 스키마를 편집할 권한을 보유한 상태	- 라벨·설명이 비어있거나 길이 제한을 초과하는 경우 - 표시 옵션이 프로퍼티 타입 또는 현재 UI와 호환되지 않는 경우 - 동일 스키마에 대한 동시 편집으로 충돌이 발생하는 경우 - 인젝션이 의심되는 입력이 포함된 경우	- 프로퍼티 편집 UI가 열린 상태일 때, 사용자가 유효한 정의 정보(라벨, 설명, 표시 옵션)를 저장하면, 워크스페이스 전역 스키마를 업데이트하고 동일 스키마를 사용하는 모든 엔트리의 표시를 반영함. - 입력이 유효하지 않은 상태일 때, 사용자가 저장하면, 저장을 차단하고 유효성 오류를 표시함. - 동시 편집 충돌이 감지된 상태일 때, 사용자가 저장하면, 저장을 차단하고 최신 버전 기준의 재시도 또는 병합 안내를 표시함.
Delete Custom Property	input	Manage Custom Entry Properties	CEP	CEP-001	드래프트	선택한 엔트리에서 커스텀 프로퍼티를 제거하고, 필요 시 워크스페이스 차원에서 프로퍼티 스키마를 비활성화하거나 삭제하는 옵션을 제공한다.	file_manager_window.inspector_pane.inspector_mode_property	Edit	-	- 하나 이상의 엔트리가 선택된 상태- 제거할 커스텀 프로퍼티가 선택된 상태 - 선택된 엔트리(들)에 해당 커스텀 프로퍼티가 존재하는 상태 - 선택된 엔트리(들)에서 사용자 정의 프로퍼티를 수정·삭제할 권한이 확보된 상태	- 선택된 엔트리 중 일부에만 해당 프로퍼티가 존재하는 경우 - 대상 프로퍼티 스키마가 필수(Required)로 지정되어 제거가 제한되는 경우 - 대상 스키마가 다른 엔트리·규칙·컬렉션 정의에서 사용 중이라 스키마 삭제가 위험한 경우 - 제거 작업 중 일부 엔트리에서만 실패하는 경우	- 제거할 커스텀 프로퍼티가 선택된 상태일 때, 사용자가 제거를 실행하면, 선택된 엔트리(들)에서 해당 프로퍼티 값을 제거하고 UI를 갱신함. - 스키마 비활성화 또는 삭제 옵션을 선택한 상태일 때, 사용자가 확인하고 실행하면, 워크스페이스 스키마를 비활성화하거나 삭제하고 이후 신규 추가 UI에서 선택되지 않게 함. - 대상 스키마가 다른 참조에 의해 사용 중인 상태일 때, 사용자가 스키마 삭제를 실행하면, 삭제를 차단하고 사용 현황 및 대안(비활성화 등)을 표시함. - 제거 작업이 부분 실패한 상태일 때, 시스템이 결과를 표시하면, 성공·실패 대상을 구분해 표시하고 실패 사유를 제공함.
Open Custom Property Schema List	command	Define Custom Property Schema	CEP	CEP-002	아이디어	워크스페이스에 정의된 모든 사용자 프로퍼티 스키마를 리스트로 불러와 조회·검색·필터링할 수 있는 화면을 연다.	file_manager_window.inspector_pane.inspector_mode_property	View	-	- 워크스페이스가 로드된 상태 - 프로퍼티 스키마를 조회할 권한을 보유한 상태	- 워크스페이스에 스키마가 하나도 존재하지 않는 경우 - 스키마 목록 로딩에 실패하는 경우 - 검색·필터 조건으로 결과가 0건인 경우	- 사용자가 해당 인터랙션을 호출할 때, 시스템이 스키마 목록을 로드하면, 스키마 리스트 화면을 열고 검색·필터링이 가능한 상태로 전환함. - 스키마가 없는 상태일 때, 화면을 열면, 빈 상태와 스키마 생성 CTA를 표시함. - 스키마 로딩이 실패한 상태일 때, 화면이 표시되면, 오류 메시지와 재시도 동작을 표시함.
Create Custom Property Schema	command	Define Custom Property Schema	CEP	CEP-002	아이디어	새 사용자 정의 프로퍼티 스키마를 생성하고 이름, 키, 타입, 기본값, 표시 옵션 등을 설정한다.	file_manager_window.inspector_pane.inspector_mode_property	Edit	-	- 프로퍼티 스키마 생성 플로우를 시작할 수 있는 화면이 열린 상태 - 프로퍼티 스키마를 생성할 권한을 보유한 상태	- 입력한 스키마 키가 기존 스키마와 중복되는 경우 - 입력한 키·이름이 비어있거나 허용되지 않은 문자·형식을 포함하는 경우 - 선택한 타입과 기본값·옵션 값이 호환되지 않는 경우 - 필수 여부·옵션 제약 설정이 기존 데이터와 충돌하는 경우 - 저장 과정에서 스키마 저장이 실패하는 경우 - 인젝션이 의심되는 입력이 포함된 경우	- 스키마 생성 화면이 열린 상태일 때, 사용자가 유효한 이름·키·타입·기본값·표시 옵션을 입력하고 저장하면, 새 스키마를 생성하고 스키마 목록에 표시함. - 키 또는 옵션·기본값 입력이 유효하지 않은 상태일 때, 사용자가 저장하면, 저장을 차단하고 유효성 오류를 표시함. - 스키마 키가 중복인 상태일 때, 사용자가 저장하면, 저장을 차단하고 충돌하는 스키마를 표시함.
Edit Custom Property Schema	input	Define Custom Property Schema	CEP	CEP-002	아이디어	기존 사용자 프로퍼티 스키마의 이름, 설명, 타입, 표시 옵션 등을 수정해 워크스페이스 전역 정의를 업데이트한다.	file_manager_window.inspector_pane.inspector_mode_property	-	-	- 편집할 프로퍼티 스키마가 선택된 상태 - 대상 스키마가 삭제되지 않고 접근 가능한 상태 - 프로퍼티 스키마를 편집할 권한을 보유한 상태	- 스키마 타입 변경이 기존 엔트리 값과 호환되지 않는 경우- 옵션 값(enum) 변경으로 기존 값이 제약을 위반하는 경우 - 동일 스키마에 대한 동시 편집으로 충돌이 발생하는 경우 - 스키마 변경으로 컬렉션 정의·규칙·Computed Property가 무효화되는 경우 - 인젝션이 의심되는 입력이 포함된 경우	- 스키마 편집 화면이 열린 상태일 때, 사용자가 유효한 변경(이름, 설명, 타입, 표시 옵션)을 저장하면, 워크스페이스 전역 스키마 정의를 업데이트하고 관련 UI/검증 규칙을 즉시 반영함. - 타입 또는 옵션 변경이 기존 값과 호환되지 않은 상태일 때, 사용자가 저장하면, 저장을 차단하거나 값 마이그레이션 플로우로 안내함. - 입력이 유효하지 않은 상태일 때, 사용자가 저장하면, 저장을 차단하고 유효성 오류를 표시함.
Disable Custom Property Schema	command	Define Custom Property Schema	CEP	CEP-002	아이디어	더 이상 사용하지 않을 사용자 프로퍼티 스키마를 비활성화해 신규 편집 UI에서 선택되지 않도록 숨긴다.	file_manager_window.inspector_pane.inspector_mode_property	Edit	-	- 비활성화할 프로퍼티 스키마가 선택된 상태 - 대상 스키마가 활성 상태인 상태 - 프로퍼티 스키마를 편집할 권한을 보유한 상태	- 대상 스키마가 다른 스키마·Computed Property의 참조 대상으로 고정되어 있는 경우 - 대상 스키마가 이미 비활성 상태인 경우 - 비활성화 직후에도 신규 추가 UI에 캐시로 노출되는 경우	- 대상 스키마가 활성 상태일 때, 사용자가 비활성화를 실행하면, 스키마 상태를 비활성으로 변경하고 스키마 목록에 해당 상태를 표시함. - 스키마가 비활성 상태일 때, 사용자가 엔트리 프로퍼티 추가 UI를 열면, 해당 스키마를 선택 옵션에 노출하지 않도록 함. - 비활성 스키마를 이미 사용 중인 엔트리를 조회할 때, 시스템이 값을 표시하면, 기존 값은 유지하며 스키마가 비활성 상태임을 함께 표시함.
Delete Custom Property Schema	command	Define Custom Property Schema	CEP	CEP-002	아이디어	선택한 사용자 프로퍼티 스키마를 완전히 삭제해 이후 어떤 엔트리에서도 사용할 수 없도록 한다.	file_manager_window.inspector_pane.inspector_mode_property	Edit	-	- 삭제할 프로퍼티 스키마가 선택된 상태 - 프로퍼티 스키마를 삭제할 권한을 보유한 상태	- 대상 스키마가 하나 이상의 엔트리에서 사용 중인 경우 - 대상 스키마가 컬렉션 정의·규칙·Computed Property에서 참조되는 경우 - 삭제 과정에서 엔트리 값 제거 또는 참조 정리가 부분 실패하는 경우	- 삭제할 스키마가 선택된 상태일 때, 사용자가 삭제를 실행하고 확인하면, 스키마를 워크스페이스에서 제거하고 이후 신규 편집 UI에서 선택되지 않게 함. - 대상 스키마가 사용 중인 상태일 때, 사용자가 삭제를 실행하면, 삭제를 차단하거나 영향 범위(사용 엔트리 수, 참조 위치)를 요약해 표시함. - 스키마 삭제가 완료된 상태일 때, 시스템이 캐시·검색 인덱스를 갱신하면, 컬렉션 필터·규칙 편집 UI에서 해당 프로퍼티를 더 이상 선택할 수 없게 함. - 삭제 작업이 부분 실패한 상태일 때, 시스템이 결과를 표시하면, 성공·실패 대상을 구분해 표시하고 실패 사유 및 복구/재시도 옵션을 제공함.
Analyze Custom Property Usage	background	Define Custom Property Schema	CEP	CEP-002	아이디어	워크스페이스 전체를 스캔해 각 사용자 프로퍼티 스키마가 어디에서 얼마나 사용되는지 사용 현황을 분석한다.	-	-	-	- 워크스페이스가 로드되어 엔트리 메타데이터에 접근 가능한 상태 - 사용 현황 분석 작업이 실행 중이지 않은 상태	- 대상 엔트리 수가 많아 분석 시간이 길어지는 경우 - 일부 스토리지의 엔트리에 접근할 수 없어 부분 분석만 가능한 경우 - 분석 중 스키마가 변경되어 결과가 일시적으로 불일치하는 경우	- 워크스페이스가 로드된 상태일 때, 시스템이 분석 작업을 시작하면, 스키마별 사용 현황(엔트리 수, 참조 위치 등)을 계산해 저장함. - 분석이 완료된 상태일 때, 사용자가 스키마 리스트 화면을 열면, 각 스키마 행에 최신 사용 현황을 표시함. - 부분 분석만 가능한 상태일 때, 시스템이 결과를 저장하면, 계산된 부분 결과와 접근 실패 사유를 함께 표시함.
Detect Redundant Custom Properties	background	Define Custom Property Schema	CEP	CEP-002	아이디어	이름·타입·사용처가 유사한 중복·유사 사용자 프로퍼티 스키마 후보를 자동으로 탐지해 정리 대상으로 제안한다.	-	-	-	- 워크스페이스에 2개 이상의 사용자 프로퍼티 스키마가 존재하는 상태 - 중복 탐지를 위한 사용 현황 또는 스키마 메타데이터를 조회할 수 있는 상태 - 중복 탐지 작업이 실행 중이지 않은 상태	- 이름·타입은 유사하지만 실제 의미가 달라 오탐이 발생하는 경우 - 유사도 기준을 만족하는 후보가 존재하지 않는 경우 - 탐지 중 스키마가 변경되어 결과가 일시적으로 불일치하는 경우	- 중복 탐지 작업이 실행된 상태일 때, 시스템이 탐지를 완료하면, 유사 스키마 후보 그룹을 산출해 저장함. - 사용자가 중복 후보를 조회하는 상태일 때, 시스템이 후보 그룹을 로드하면, 후보 그룹과 근거(유사 키·라벨, 타입, 사용처 요약)를 함께 표시함. - 후보가 없는 상태일 때, 화면이 표시되면, 빈 결과 상태를 표시함.
Merge Custom Property Schemas	command	Define Custom Property Schema	CEP	CEP-002	아이디어	선택한 여러 사용자 프로퍼티 스키마를 하나의 타깃 스키마로 병합하는 설정 플로우를 제공한다.	file_manager_window.inspector_pane.inspector_mode_property	Edit	-	- 병합할 스키마 2개 이상이 선택된 상태- 병합 결과로 남길 타깃 스키마가 지정된 상태 - 병합 및 값 마이그레이션을 실행할 권한을 보유한 상태	- 선택한 스키마들의 타입이 서로 달라 병합 규칙을 정할 수 없는 경우 - 동일 엔트리에 여러 스키마 값이 동시에 존재해 충돌 해결이 필요한 경우 - 옵션 값(enum) 또는 제약 조건이 서로 달라 단순 병합이 불가능한 경우 - 병합 실행 중 일부 엔트리 값 마이그레이션이 실패하는 경우	- 2개 이상의 스키마가 선택된 상태일 때, 사용자가 병합 플로우를 시작하면, 타깃 스키마와 충돌 처리 규칙을 설정하는 화면을 표시함. - 병합 설정이 유효한 상태일 때, 사용자가 실행하면, 병합 작업을 생성하고 값 마이그레이션 작업을 예약하거나 시작함. - 병합이 완료된 상태일 때, 사용자가 스키마 목록을 확인하면, 소스 스키마를 제거하거나 비활성화하고 모든 참조를 타깃 스키마로 통합함. - 병합 설정이 불가능한 조합인 상태일 때, 사용자가 실행을 시도하면, 실행을 차단하고 이유와 대안을 표시함.
Migrate Custom Property Values	command	Define Custom Property Schema	CEP	CEP-002	아이디어	병합·변경된 스키마에 맞춰 기존 엔트리의 사용자 프로퍼티 값을 자동으로 이동·정규화하는 배치 작업을 실행한다.	file_manager_window.inspector_pane.inspector_mode_property	Edit	-	- 마이그레이션 대상 스키마 변경(병합 또는 타입/제약 변경)이 존재하는 상태 - 마이그레이션 대상 엔트리 집합이 식별된 상태 - 마이그레이션 작업이 실행 중이지 않은 상태	- 일부 엔트리에서 값 변환이 불가능해 타입 캐스팅 오류가 발생하는 경우 - 일부 스토리지·엔트리에 접근할 수 없어 부분 실행만 가능한 경우 - 작업 중 앱이 종료되거나 시스템이 재시작되는 경우 - 마이그레이션 중 동일 엔트리 값이 동시 편집되어 충돌이 발생하는 경우	- 마이그레이션이 실행 가능한 상태일 때, 사용자가 실행하면, 배치 작업을 시작하고 진행 상태(대상 수, 진행률, 성공/실패)를 기록함. - 마이그레이션이 완료된 상태일 때, 시스템이 결과를 반영하면, 영향을 받은 엔트리의 값을 새 스키마 기준으로 이동·정규화하고 검색·필터 결과에 반영함. - 일부 값이 변환 불가능한 상태일 때, 시스템이 마이그레이션을 수행하면, 해당 엔트리를 실패로 표시하고 오류 이유 및 수동 처리 옵션을 제공함. - 마이그레이션이 중단된 상태일 때, 사용자가 상태를 조회하면, 재시도 및 롤백 옵션을 표시함.
Disable Unused Custom Property	command	Define Custom Property Schema	CEP	CEP-002	아이디어	사용량이 거의 없거나 더 이상 쓰지 않는 사용자 프로퍼티 스키마를 비활성화해 신규 엔트리에서 사용되지 않게 한다.	file_manager_window.inspector_pane.inspector_mode_property	Edit	-	- 스키마 사용 현황이 계산되어 있는 상태 - 비활성화할 스키마 후보가 선택되었거나 시스템 추천 목록이 표시된 상태 - 프로퍼티 스키마를 편집할 권한을 보유한 상태	- 사용량은 낮지만 컬렉션 정의·규칙·Computed Property에서 참조되는 경우 - 사용 현황이 최신이 아니어서 실제 사용량과 불일치하는 경우	- 사용 현황 기반 후보 스키마가 표시된 상태일 때, 사용자가 비활성화를 실행하면, 해당 스키마를 비활성 상태로 전환하고 신규 추가 UI에서 숨김 처리함. - 스키마가 참조 중인 상태일 때, 사용자가 비활성화를 실행하면, 비활성화를 차단하고 참조 위치를 표시함.
Rollback Custom Property Migration	command	Define Custom Property Schema	CEP	CEP-002	아이디어	직전에 실행된 프로퍼티 마이그레이션 작업을 취소하고, 영향을 받은 스키마와 값을 이전 상태로 되돌린다.	file_manager_window.inspector_pane.inspector_mode_property	Edit	-	- 직전에 실행된 프로퍼티 마이그레이션 작업이 존재하는 상태 - 해당 마이그레이션 작업의 롤백 데이터(스냅샷 또는 변경 로그)가 보존된 상태 - 롤백을 실행할 권한을 보유한 상태	- 마이그레이션 이후 동일 대상에 추가 변경이 발생해 롤백 충돌이 생기는 경우 - 롤백 데이터가 부분적으로 손상되거나 누락된 경우 - 롤백 대상이 너무 커 실행 시간이 길어지는 경우	- 직전 마이그레이션 작업이 존재하는 상태일 때, 사용자가 롤백을 실행하고 확인하면, 해당 작업으로 변경된 스키마와 값을 이전 상태로 복원함. - 롤백이 불가능한 상태일 때, 사용자가 롤백을 실행하면, 실행을 차단하고 불가 사유를 표시함. - 롤백이 완료된 상태일 때, 사용자가 엔트리·스키마 목록을 조회하면, 롤백 이전과 동일한 스키마/값 상태를 일관되게 표시함.
Create Computed Property	command	Computed Properties	CEP	CEP-003	아이디어	다른 프로퍼티나 시스템 메타데이터를 조합해 자동 계산되는 새 Computed Property를 정의한다.	file_manager_window.inspector_pane.inspector_mode_property	Edit	-	- Computed Property를 정의할 수 있는 화면이 열린 상태 - 참조 가능한 기본 프로퍼티 스키마가 하나 이상 존재하는 상태 - Computed Property를 생성할 권한을 보유한 상태	- 입력한 키가 기존 프로퍼티(일반/Computed) 키와 중복되는 경우 - 수식 문법이 유효하지 않거나 평가할 수 없는 경우 - 참조 프로퍼티 타입이 맞지 않아 계산 결과 타입이 결정되지 않는 경우 - 순환 참조가 발생하는 경우	- 생성 화면이 열린 상태일 때, 사용자가 유효한 키·라벨·수식을 입력하고 저장하면, 새 Computed Property 스키마를 생성하고 엔트리에서 계산된 값을 표시함. - 수식이 유효하지 않거나 순환 참조인 상태일 때, 사용자가 저장하면, 저장을 차단하고 오류를 표시함.
Edit Computed Property Formula	input	Computed Properties	CEP	CEP-003	아이디어	기존 Computed Property의 수식을 수정해 계산 방식과 참조 프로퍼티 구성을 변경한다.	file_manager_window.inspector_pane.inspector_mode_property	-	-	- 편집할 Computed Property가 선택된 상태 - Computed Property 수식을 편집할 권한을 보유한 상태	- 수식 변경으로 결과 타입이 변경되어 기존 표시/정렬/필터와 충돌하는 경우 - 참조 프로퍼티가 삭제·비활성화되어 수식을 평가할 수 없는 경우 - 순환 참조가 발생하는 경우 - 재계산 중 일부 엔트리에서만 오류가 발생하는 경우	- 수식 편집 UI가 열린 상태일 때, 사용자가 유효한 새 수식을 저장하면, 계산 방식을 업데이트하고 대상 엔트리에서 결과를 재계산해 표시함. - 수식이 유효하지 않은 상태일 때, 사용자가 저장하면, 저장을 차단하고 오류를 표시함. - 재계산 중 오류가 발생한 상태일 때, 시스템이 결과를 기록하면, 오류를 저장하고 오류 조회 화면에서 확인 가능하게 함.
Preview Computed Property Result	display	Computed Properties	CEP	CEP-003	아이디어	샘플 엔트리 집합에 대해 Computed Property 수식이 어떻게 평가되는지 미리 계산해 결과를 보여준다.	file_manager_window.inspector_pane.inspector_mode_property	View	-	- 미리보기할 Computed Property가 선택된 상태 - 샘플로 평가할 엔트리 집합이 선택되었거나 현재 목록 컨텍스트가 존재하는 상태	- 샘플 엔트리에서 참조 프로퍼티 값이 누락되어 평가할 수 없는 경우 - 샘플 엔트리 수가 많아 평가 시간이 길어지는 경우 - 일부 엔트리에서만 평가 오류가 발생하는 경우	- 사용자가 미리보기를 실행할 때, 시스템이 샘플 엔트리 집합에 대해 수식을 평가하면, 엔트리별 계산 결과를 미리보기 화면에 표시함. - 일부 엔트리에서 평가가 실패한 상태일 때, 미리보기 결과가 표시되면, 성공/실패를 구분해 표시하고 실패 원인을 함께 제공함.
View Computed Property Errors	display	Computed Properties	CEP	CEP-003	아이디어	Computed Property 계산 과정에서 발생한 오류 목록과 원인을 한 화면에서 조회한다.	file_manager_window.inspector_pane.inspector_mode_property	View	-	- Computed Property가 하나 이상 존재하는 상태 - Computed Property 오류 로그에 접근 가능한 상태	- 오류 로그가 존재하지 않는 경우 - 오류 로그 로딩에 실패하는 경우 - 오류 로그가 너무 많아 페이징이 필요한 경우	- 사용자가 오류 목록 화면을 열 때, 시스템이 오류 로그를 로드하면, 프로퍼티·엔트리·원인·발생 시각이 포함된 목록을 표시함. - 오류가 없는 상태일 때, 화면을 열면, 빈 상태와 정상 동작 안내를 표시함. - 오류 로그 로딩이 실패한 상태일 때, 화면이 표시되면, 오류 메시지와 재시도 동작을 표시함.
Open New Content Tab	command	Handle Content Tab	CTM	CTM-001	준비 완료	해당 File Manager 내, 새 Session Content Tab을 추가	file_manager_window.sidebar.sidebar_body.content_tabs_area	FIle	⌘T	-	-	- 활성 File Manager Window가 있고 Content Tab 수가 최대값 미만일 때, 사용자가 해당 인터랙션을 호출하면, 해당 창의 Content Tab List 끝에 새 Session Content Tab이 생성되고 즉시 활성화됨. - Content Tab 수가 최대 허용값에 도달한 상태에서 사용자가 해당 인터랙션을 호출하면, 새 탭이 생성되지 않고 탭 개수 제한에 대한 피드백을 표시함. - 새로 생성된 Content Tab 초기 세션 로딩 중 오류가 발생한 상태에서 사용자가 해당 인터랙션을 호출하면, 탭 셸은 생성되지만 내용 영역에 오류 메시지를 표시하거나 탭 생성 자체를 롤백함.
Close Content Tab	command	Handle Content Tab	CTM	CTM-001	준비 완료	현재 Content Tab을 닫음	file_manager_window.sidebar.sidebar_body.content_tabs_area	File	⌘W	- 닫을 Content Tab이 활성 상태거나 지정된 상태	- 마지막 남은 Content Tab을 닫는 경우 - 닫으려는 Content Tab에 진행 중인 상태의 작업이 있는 경우	- 닫을 Content Tab이 활성 상태이고 저장되지 않은 변경 사항이 없을 때, 사용자가 해당 인터랙션을 호출하면, 해당 탭이 닫히고 인접한 탭이 활성화됨. - 닫을 Content Tab에 저장되지 않은 변경 사항이 있을 때, 사용자가 해당 인터랙션을 호출하면, 닫기 여부를 묻는 확인 대화를 표시하고 사용자가 닫기를 선택하면 변경 사항 처리 후 탭을 닫음. - 해당 File Manager Window에 마지막 하나의 Content Tab만 남은 상태에서 사용자가 해당 인터랙션을 호출하면, 정의된 정책(예: 빈 탭 생성 또는 창 닫기)에 따라 동작하고 그 결과를 일관되게 유지함.
Close Other Content Tabs	command	Handle Content Tab	CTM	CTM-001	준비 완료	현재 Content Tab을 제외한 나머지 Content Tab을 모두 닫음	file_manager_window.sidebar.sidebar_body.content_tabs_area	Context	-	- 2개 이상의 Content Tab이 열린 상태	- 닫으려는 Content Tab에 진행 중인 상태의 작업이 있는 경우	- Content Tab이 2개 이상 열려 있고 닫히는 탭 중 저장되지 않은 변경 사항이 없을 때, 사용자가 해당 인터랙션을 호출하면, 현재 활성 탭을 제외한 나머지 탭이 모두 닫히고 현재 탭은 그대로 유지됨. - 닫히는 탭들 중 하나 이상에 저장되지 않은 변경 사항이 있을 때, 사용자가 해당 인터랙션을 호출하면, 일괄 닫기 여부를 묻는 확인 대화를 표시하고 사용자가 닫기를 선택하면 모든 대상 탭이 닫힘. - 닫히는 탭들 중 Pinned Content Tab이 포함된 경우, 사용자가 해당 인터랙션을 호출하면, 정의된 정책(예: Pinned 탭은 유지)을 따르며 실제로 닫힌 탭과 유지된 탭이 UI에 일관되게 반영됨.
Reorder Content Tab	command	Handle Content Tab	CTM	CTM-001	준비 완료	해당 Content Tab의 순서를 재배치	file_manager_window.sidebar.sidebar_body.content_tabs_area	-	-	- 2개 이상의 Content Tab이 열린 상태	- 재배치 중인 Content Tab을 다른 창으로 이동시키는 경우	- Content Tab이 2개 이상 열려 있을 때, 사용자가 해당 인터랙션을 호출하면, 드래그 시작·종료 위치에 따라 Content Tab List 내 순서가 새로운 위치로 재배치됨. - 탭을 드래그하는 중 다른 동작으로 탭이 닫히거나 이동된 경우, 사용자가 해당 인터랙션을 마무리하면, 실제 남아 있는 탭들에 대해서만 일관된 순서가 유지됨
Move Content Tab to New File Manager Window	command	Handle Content Tab	CTM	CTM-001	준비 완료	해당 Contnet Tab을 새 File Manager Window로 분리해 별도 창으로 이동	file_manager_window.sidebar.sidebar_body.content_tabs_area	Context	-	-	- 현재 File Manager Window에 하나뿐인 Content Tab인 상태에서 이동하는 경우. - 새 창 생성 시 시스템 리소스 부족으로 인해 창 생성이 실패하는 경우.	- 이동할 Content Tab이 하나 이상 있고 새 창을 생성할 수 있는 상태일 때, 사용자가 해당 인터랙션을 호출하면, 새 File Manager Window가 생성되고 대상 탭이 새 창으로 이동하며 원래 창에서는 제거됨. - 현재 File Manager Window에 하나의 탭만 남은 상태에서 사용자가 해당 인터랙션을 호출하면, 정의된 정책(예: 원래 창을 닫고 새 창만 유지)을 따르며 두 창 상태가 일관되게 유지됨. - 시스템 리소스 부족으로 인해 새 창을 생성할 수 없는 상태에서 사용자가 해당 인터랙션을 호출하면, 탭 이동이 수행되지 않고 오류 또는 경고를 표시함.
Move Content Tab to Another File Manager Window	command	Handle Content Tab	CTM	CTM-001	준비 완료	해당 Content Tab을 다른 File Manager로 배치	file_manager_window.sidebar.sidebar_body.content_tabs_area	-	-	- 2개 이상의 File Manager Window가 열린 상태	-	- 둘 이상의 File Manager Window가 열려 있고 대상 창이 유효한 상태일 때, 사용자가 해당 인터랙션을 호출하면, 선택된 Content Tab이 지정된 다른 File Manager Window의 Tab List로 이동하고 원래 창에서는 제거됨. - 이동 대상 File Manager Window가 이동 처리 중 닫힌 경우, 사용자가 해당 인터랙션을 호출하면, 탭 이동을 수행하지 않고 원래 창 상태를 유지하거나 다른 유효한 대상이 없는 경우 오류를 표시함. - 이동 대상 창에 동일 세션의 탭이 이미 존재하는 상태에서 사용자가 해당 인터랙션을 호출하면, 중복 세션 처리 정책(예: 중복 허용 또는 기존 탭 활성화)을 따르고 그 결과를 UI에 일관되게 반영함.
Restrore Last Closed Tab	command	Handle Content Tab	CTM	CTM-001	준비 완료	가장 최근에 닫은 Content Tab을 복원	file_manager_window.sidebar	File	⌘⇧T	- 현재 창에 복원 가능한 최근 닫힌 Content Tab 기록이 존재하는 상태	- 복구가 불가능한 경우	- 현재 File Manager Window의 최근 닫힌 탭 기록이 존재할 때, 사용자가 해당 인터랙션을 호출하면, 마지막으로 닫힌 Content Tab이 현재 창에 다시 추가되고 활성화됨. - 복원 가능한 최근 닫힌 탭이 현재 창이 아닌 다른 창 또는 이전 세션에 속한 경우, 사용자가 해당 인터랙션을 호출하면, 정의된 정책(예: 현재 창 기준 기록만 복원)을 따르며 복원 가능 항목이 없으면 아무 탭도 열리지 않거나 피드백을 표시함.
Duplicate Content Tab	command	Handle Content Tab	CTM	CTM-001	준비 완료	해당 Content Tab을 동일한 상태의 Content Tab으로 복제해 추가	file_manager_window.sidebar.sidebar_body.content_tabs_area	File	⌘D	- 복제할 Content Tab이 지장된 상태	- 복제 대상 탭에 저장되지 않은 변경 사항이 있는 경우	- 복제할 Content Tab이 활성 상태이고 세션 상태가 유효할 때, 사용자가 해당 인터랙션을 호출하면, 대상 탭과 동일한 상태의 새 Content Tab이 바로 오른쪽에 생성되고 활성화됨. - 복제 대상 탭에 저장되지 않은 변경 사항이 있는 상태에서 사용자가 해당 인터랙션을 호출하면, 현재 메모리 상 상태를 기준으로 복제 탭이 생성되며 둘 다 동일한 내용을 표시함.
Select Content Tabs	command	Handle Content Tab	CTM	CTM-001	준비 완료	Sidebar의 Content Tab List에서 하나 이상의 Content Tab을 선택	file_manager_window.sidebar.sidebar_body.content_tabs_area	-	-	-	-	- Sidebar에 Content Tab List가 표시될 때, 사용자가 해당 인터랙션을 호출하면, 클릭 또는 보조키 조합에 따라 하나 이상의 Content Tab이 선택 상태로 하이라이트됨. - 사용자가 잘못된 범위를 선택했다가 다시 인터랙션을 호출하면, 선택 상태가 그에 맞게 즉시 갱신되어 이후 다중 탭 관련 동작의 대상이 일관되게 유지됨.
Close Selected Content Tabs	command	Handle Content Tab	CTM	CTM-001	준비 완료	선택한 Content Tab들을 닫음	file_manager_window.sidebar.sidebar_body.content_tabs_area	Context	⌘W	- 1개 이상의 Content Tab이 지정된 상태	- 선택된 탭 전체가 해당 File Manager Window의 모든 탭인 경우. - 선택된 탭들 중 저장되지 않은 변경 사항이 있는 탭이 포함된 경우.	- 하나 이상의 Content Tab이 선택된 상태이고 저장되지 않은 변경 사항이 없는 경우, 사용자가 해당 인터랙션을 호출하면, 선택된 모든 탭이 닫히고 남아 있는 탭 중 하나가 활성화됨. - 선택된 탭들 중 하나 이상에 저장되지 않은 변경 사항이 있는 경우, 사용자가 해당 인터랙션을 호출하면, 일괄 닫기 여부를 묻는 확인 대화를 표시하고 사용자가 닫기를 선택하면 대상 탭들이 모두 닫힘. - 선택된 탭들이 현재 창의 모든 탭인 경우, 사용자가 해당 인터랙션을 호출하면, 정의된 정책(예: 빈 탭 생성 또는 창 닫기)에 따라 동작하고 그 결과가 UI에 일관되게 반영됨.
Reorder Selected Content Tabs	command	Handle Content Tab	CTM	CTM-001	준비 완료	선택한 Content Tab들의 순서를 재배치	file_manager_window.sidebar.sidebar_body.content_tabs_area	-	-	- 2개 이상의 Content Tab이 열린 상태 - 1개 이상의 Content Tab이 지정된 상태	- 재배치 중인 Content Tab을 다른 창으로 이동시키는 경우	- 둘 이상의 Content Tab이 선택된 상태일 때, 사용자가 해당 인터랙션을 호출하면, 선택된 탭 그룹이 드래그 종료 위치 기준으로 연속된 블록으로 재배치됨. - 드래그 도중 일부 탭이 닫히거나 이동된 경우, 사용자가 인터랙션을 마무리하면, 실제 남아 있는 탭들만을 대상으로 순서가 일관되게 갱신됨.
Move Selected Content Tabs to Another File Manager Window	command	Handle Content Tab	CTM	CTM-001	준비 완료	선택한 Content Tab들을 다른 File Manager로 일괄 이동	file_manager_window.sidebar.sidebar_body.content_tabs_area	-	-	- 2개 이상의 Content Tab이 열린 상태 - 1개 이상의 Content Tab이 지정된 상태	-	- 둘 이상의 File Manager Window가 열려 있고 하나 이상의 Content Tab이 선택된 상태에서 사용자가 해당 인터랙션을 호출하면, 선택된 모든 탭이 지정된 다른 File Manager Window의 Tab List로 이동하고 원래 창에서는 제거됨. - 이동 처리 중 대상 File Manager Window가 닫히거나 유효하지 않게 된 경우, 사용자가 해당 인터랙션을 호출하면, 이동을 수행하지 않고 원래 창 상태를 유지하거나 오류를 표시함. - 대상 창에 동일 세션 탭이 이미 있는 상태에서 사용자가 해당 인터랙션을 호출하면, 중복 세션 처리 정책에 따라 동작하고 실제 결과가 UI에 반영됨.
Duplicate Selected Content Tabs	command	Handle Content Tab	CTM	CTM-001	준비 완료	선택한 Content Tab들을 각각 동일한 상태의 Content Tab으로 복제해 추가	file_manager_window.sidebar.sidebar_body.content_tabs_area	File	⌘D	- 1개 이상의 Content Tab이 지정된 상태	-	- 하나 이상의 Content Tab이 선택된 상태에서 사용자가 해당 인터랙션을 호출하면, 각 선택된 탭 옆에 동일 상태의 복제 탭이 하나씩 생성되고 복제 대상과 동일한 세션 상태를 가짐. - 매우 많은 탭이 선택된 상태에서 사용자가 해당 인터랙션을 호출하면, 복제가 순차적으로 진행되며 UI가 멈추지 않는 범위 내에서 진행 상황을 일정하게 반영하거나 필요한 경우 진행 중 표시를 제공함.
Set Current Content Tab to Previous	command	Set Current Content Tab	CTM	CTM-002	준비 완료	Content Tab List 상 현재 Content Tab보다 이전 위치의 Content Tab으로 전환	file_manager_window.sidebar.sidebar_body.content_tabs_area	-	⌘⇧[	- 2개 이상의 Content Tab이 열린 상태	- 현재 Content Tab이 Tab List 상 처음에 위치해 있는 경우	- Content Tab이 두 개 이상 열려 있고 현재 탭이 첫 번째가 아닐 때, 사용자가 해당 인터랙션을 호출하면, Content Tab List에서 바로 이전 위치의 탭이 활성화됨. - 현재 탭이 첫 번째 탭인 상태에서 사용자가 해당 인터랙션을 호출하면, 활성 탭이 변경되지 않거나 순환 동작을 정의한 경우 첫 번째 탭이 유지됨.
Set Current Content Tab to Next	command	Set Current Content Tab	CTM	CTM-002	준비 완료	Content Tab List 상 현재 Content Tab보다 다음 위치의 Content Tab으로 전환	file_manager_window.sidebar.sidebar_body.content_tabs_area	-	⌘⇧]	- 2개 이상의 Content Tab이 열린 상태	- 현재 Content Tab이 Tab List 상 마지막에 위치해 있는 경우	- 지정한 번호 위치에 해당하는 Content Tab이 존재할 때, 사용자가 해당 인덱스에 대한 인터랙션을 호출하면, 그 번호에 해당하는 Content Tab이 활성화됨. - 지정한 번호 위치에 해당하는 Content Tab이 존재하지 않을 때, 사용자가 해당 인터랙션을 호출하면, 활성 탭이 변경되지 않고 조용히 무시되거나 정의된 피드백을 표시함.
Set Current Content Tab by Index	command	Set Current Content Tab	CTM	CTM-002	준비 완료	Content Tab List 상 위치한 번호와 일치하는 Content Tab으로 전환 	file_manager_window.sidebar.sidebar_body.content_tabs_area	-	⌘1, ⌘2, ... , ⌘0	- 2개 이상의 Content Tab이 열린 상태	- 지정한 번호 위치에 해당하는 Content Tab이 없는 경우	- 지정한 번호 위치에 해당하는 Content Tab이 존재할 때, 사용자가 해당 인덱스에 대한 인터랙션을 호출하면, 그 번호에 해당하는 Content Tab이 활성화됨. - 지정한 번호 위치에 해당하는 Content Tab이 존재하지 않을 때, 사용자가 해당 인터랙션을 호출하면, 활성 탭이 변경되지 않고 조용히 무시되거나 정의된 피드백을 표시함.
Set Currnet Content Tab to Last Used	command	Set Current Content Tab	CTM	CTM-002	준비 완료	최근 Content Tab 전환 순서 기준 마지막으로 전환한 Content Tab으로 전환	file_manager_window.sidebar.sidebar_body.content_tabs_area	-	⌃⇥	- 2개 이상의 Content Tab이 열린 상태  - 최근 Content Tab 전환 이력이 존재하는 상태	-	- 최근 Content Tab 전환 이력이 존재할 때, 사용자가 해당 인터랙션을 호출하면, 전환 이력 기준 직전에 사용한 Content Tab이 활성화되어 두 탭 간 빠르게 전환됨. - 전환 이력이 초기화된 상태에서 사용자가 해당 인터랙션을 호출하면, 활성 탭이 변경되지 않고 조용히 무시되거나 이력이 없음을 알리는 피드백을 표시함.
Switch Content Tab via Used Content Tabs Switcher	command	Switch Content Tab with Used Content Tabs Switcher	CTM	CTM-004	준비 완료	Used Content Tabs Switcher 상 선택한 Content Tab으로 전환	file_manager_window.sidebar.sidebar_body.content_tabs_area	-	-	- Used Content Tabs Switcher가 화면에 표시된 상태	- 현재 탭이 선택된 경우	- Used Content Tabs Switcher가 표시된 상태에서 사용자가 해당 인터랙션을 호출하면, Switcher 내 현재 선택된 Content Tab이 활성화되고 Switcher는 닫힘. - Switcher 표시 시간이 만료되거나 포커스를 잃어 자동으로 닫힌 직후 사용자가 해당 인터랙션을 호출하면, 탭 전환이 발생하지 않고 조용히 무시되거나 Switcher가 재호출됨.
Move to Next Tab in Used Content Tabs Switcher	command	Switch Content Tab with Used Content Tabs Switcher	CTM	CTM-004	준비 완료	Used Content Tabs Switcher에서 전환할 Content Tab 선택 포커스를 다음으로 이동	file_manager_window.sidebar.sidebar_body.content_tabs_area	-	⌃⇥	- Used Content Tabs Switcher가 화면에 표시된 상태	- 현재 선택된 탭이 Used Content Tabs Switcher List 상 마지막에 위치해 있는 경우	- Used Content Tabs Switcher가 표시된 상태이고 다음 항목이 존재할 때, 사용자가 해당 인터랙션을 호출하면, 포커스가 바로 다음 Content Tab으로 이동함. - 다음 항목이 존재하지 않는 상태에서 사용자가 해당 인터랙션을 호출하면, 포커스가 마지막 탭에 머무르거나 순환 설정에 따라 첫 번째 탭으로 이동함.
Move to Previous in Used Content Tabs Switcher	command	Switch Content Tab with Used Content Tabs Switcher	CTM	CTM-004	준비 완료	Used Content Tabs Switcher에서 전환할 Content Tab 선택 포커스를 이전으로 이동	file_manager_window.sidebar.sidebar_body.content_tabs_area	-	⌃⇧⇥	- Used Content Tabs Switcher가 화면에 표시된 상태	- 현재 지정된 탭이 Used Content Tabs Switcher List 상 처음에 위치해 있는 경우	- Used Content Tabs Switcher가 표시된 상태이고 이전 항목이 존재할 때, 사용자가 해당 인터랙션을 호출하면, 포커스가 바로 이전 Content Tab으로 이동함. - 이전 항목이 존재하지 않는 상태에서 사용자가 해당 인터랙션을 호출하면, 포커스가 첫 번째 탭에 머무르거나 순환 설정에 따라 마지막 탭으로 이동함.
Pin Content Tab(s)	command	Manage Pinned Content Tabs	CTM	CTM-003	준비 완료	선택한 Content Tab(들)을 Pin 상태로 전환하여 세션 종료 후에도 유지 	file_manager_window.sidebar.sidebar_body.content_tabs_area	Context	⌘P	- 1개 이상의 Content Tab이 활성 상태 거나 지정된 상태  - 해당 Content Tab이 Pin되지 않은 상태	- 이미 Pin 상태인 Content Tab에 대해 시도하는 경우	- 하나 이상의 Content Tab이 선택된 상태에서 사용자가 해당 인터랙션을 호출하면, 대상 탭들이 Pin 상태로 전환되고 Pinned 영역에 고정되어 세션 종료 후 재실행 시에도 복원됨. - 이미 Pin 상태인 Content Tab에 대해 사용자가 해당 인터랙션을 호출하면, Pin 상태가 변경되지 않고 UI가 그대로 유지되거나 중복 동작이 없는 토글 정책에 따라 처리됨.
Unpin Content Tab(s)	command	Manage Pinned Content Tabs	CTM	CTM-003	준비 완료	선택한 Pin 상태의 Content Tab(들)을 일반 Content Tab으로 되돌림	file_manager_window.sidebar.sidebar_body.content_tabs_area	Context	⌘P	- 해당 Content Tab이 Pin된 상태 - 1개 이상의 Pinned Content Tab이 활성 상태거나 지정된 상태 	-	- 하나 이상의 Pin 상태 Content Tab이 선택된 상태에서 사용자가 해당 인터랙션을 호출하면, 대상 탭들의 Pin 상태가 해제되고 일반 탭 영역으로 이동함.
Go to Anchored Path of Pinned Tab	command	Manage Pinned Content Tabs	CTM	CTM-003	준비 완료	해당 Content Tab이 Pin되었을 당시 경로로 Page를 전환	file_manager_window.sidebar	-	-	- 현재 페이지가 Pin		
Rename Content Tab	input	Manage Pinned Content Tabs	CTM	CTM-003	아이디어	해당 Content Tab의 이름을 수정	file_manager_window.sidebar.sidebar_body.content_tabs_area	-	-	- 이름을 변경할 Content Tab이 활성 상태거나 지정된 상태	- 입력된 이름이 비어있는 경우  - 입력된 이름이 시스템에서 예약한 문자열인 경우  - 인젝션	- 이름을 변경할 Content Tab이 선택된 상태에서 사용자가 해당 인터랙션을 호출하고 유효한 새 이름을 입력해 확정하면, 해당 Content Tab 라벨이 새 이름으로 변경되고 이후 세션에서도 동일하게 표시됨. - 새 이름 입력 없이 비어 있는 값으로 확정하려 할 때 사용자가 해당 인터랙션을 호출하면, 기존 이름을 유지하거나 유효하지 않은 이름에 대한 경고를 표시함. - 시스템 예약 문자열 등 허용되지 않은 이름으로 변경을 시도한 상태에서 사용자가 해당 인터랙션을 호출하면, 이름이 변경되지 않고 이유를 안내하는 피드백을 표시함.
Change Content Tab Icon	input	Manage Pinned Content Tabs	CTM	CTM-003	아이디어	해당 Content Tab의 아이콘을 변경		-	-	- 아이콘을 변경할 Content Tab이 활성 상태거나 지정된 상태	- 아이콘 리소스 로딩이 실패하는 경우	- 아이콘을 변경할 Content Tab이 선택된 상태에서 사용자가 해당 인터랙션을 호출하고 지원되는 아이콘을 선택해 확정하면, 해당 Content Tab 아이콘이 선택한 아이콘으로 교체되어 탭을 시각적으로 쉽게 구분할 수 있음. - 지원하지 않는 형식이나 해상도의 아이콘을 선택한 상태에서 사용자가 해당 인터랙션을 호출하면, 아이콘이 변경되지 않고 지원 불가에 대한 안내 메시지를 표시함. - 아이콘 리소스 로딩이나 적용에 실패한 상태에서 사용자가 해당 인터랙션을 호출하면, 기존 아이콘을 유지하고 오류 또는 재시도 안내를 표시함.
Open Settings Window	command	Control Settings Window	SET	SET-001	배포 완료	현재 사용 중인 데스크탑에서 Settings Window 창을 열음	settings_window	Voyager	⌘,			
Close Settings Window	command	Control Settings Window	SET	SET-001	배포 완료	현재 보고 있는 Setting Window를 닫음	settings_window	-	⌘W			
Swtich Setting Tabs	command	Control Settings Window	SET	SET-001	배포 완료	세팅 탭 전환	settings_window.toolbar.tabs_area	-	-			
Toggle Launch at Startup	input	Configure General Settings	SET	SET-002	배포 완료	앱을 OS 로그인 시 자동 실행하도록 켜거나 끕니다.	settings_window.settings_body.tab_general	-	-			
Toggle Automatic Update & Install	input	Configure General Settings	SET	SET-002	배포 완료	자동 업데이트 확인/설치 기능을 켜거나 끕니다.	settings_window.settings_body.tab_general	-	-			
Show Currnet Version Info	display	Configure General Settings	SET	SET-002	배포 완료	General 탭 상단에 현재 앱 버전(예: v1.0.0)과 마지막 업데이트 날짜를 읽기 전용 라벨로 표시합니다.	settings_window.settings_body.tab_general	-	-			
Check for Updates	command	Configure General Settings	SET	SET-002	배포 완료	“업데이트 확인” 버튼을 눌러 최신 버전 메타데이터를 조회하고, 결과에 따라 상태 배지(최신/업데이트 가능/실패)와 마지막 확인 시간을 표시합니다.	settings_window.settings_body.tab_general	Voyager	-			
Toggle Alert Before App Quit	input	Configure General Settings	SET	SET-002	배포 완료	앱 종료 시 확인 대화를 표시할지 여부를 토글합니다.	settings_window.settings_body.tab_general	-	-			
Confiure Initial Page	input	Configure General Settings	SET	SET-002	배포 완료	앱 실행 시 처음 열리는 기본 페이지(홈, 디렉토리, 콜렉션 등)를 지정하여, 사용자가 가장 많이 사용하는 작업 맥락에서 바로 시작할 수 있게 설정한다.	settings_window.settings_body.tab_general	-	-			
Set Voyager as Default File Manager	input	Configure General Settings	SET	SET-002	준비 완료	파일 열기·탐색·폴더 실행 등 시스템 전역의 기본 파일 관리자 동작을 Finder 대신 Voyager로 처리하도록 설정한다.	settings_window.settings_body.tab_general	-	-			
Request Full Disk Access Permission	command	Configure General Settings	SET	SET-002	개발 중	설정(General)에서 Full Disk Access 권한의 현재 상태와 필요 사유를 안내하고, 사용자가 시스템 설정에서 권한을 부여할 수 있도록 이동 경로를 제공한다.	settings_window.settings_body.tab_general	-	-	- 설정 창이 열려 있고 General 탭이 표시된 상태 - Full Disk Access 권한 상태를 조회할 수 있는 상태	- 사용자가 시스템 설정 열기를 취소하는 경우 - OS 정책/버전 제약으로 특정 권한 패널로 직접 이동할 수 없는 경우 - 사용자가 권한을 부여하지 않고 앱으로 돌아오는 경우- 권한을 부여했지만 상태 반영이 지연되는 경우 - 권한을 부여했지만 앱 재시작이 필요한 경우 - MDM/보안 정책 등으로 권한 변경이 제한되는 경우	- 설정 창의 General 탭이 표시된 상태일 때, 사용자가 해당 인터랙션을 호출하면, Full Disk Access 필요 사유와 현재 권한 상태가 표시됨. - 권한이 미허용인 상태일 때, 사용자가 “시스템 설정 열기”를 선택하면, 시스템 설정의 Full Disk Access 설정 화면으로 이동함. - 직접 이동이 불가능한 상태일 때, 사용자가 “시스템 설정 열기”를 선택하면, 수동 이동 경로(Privacy & Security - Full Disk Access)가 안내됨. - 사용자가 권한을 허용하고 앱으로 돌아온 상태일 때, 권한 상태를 재검증하면, 설정 화면의 상태가 “허용됨”으로 갱신됨. - 사용자가 권한을 허용하지 않고 돌아온 상태일 때, 권한 상태를 재검증하면, 상태가 “미허용”으로 유지되고 재시도 안내가 표시됨. - 권한 허용 후 재시작이 필요한 상태일 때, 상태를 갱신하면, 재시작 필요 안내가 표시됨.
Request Notifications Permission	command	Configure General Settings	SET	SET-002	아이디어	설정(General)에서 Notifications 권한을 요청하고, 결과에 따라 권한 상태를 표시하며 필요 시 시스템 설정에서 변경할 수 있는 경로를 제공한다.	settings_window.settings_body.tab_general	-	-	- 설정 창이 열려 있고 General 탭이 표시된 상태 - 알림 권한 상태를 조회할 수 있는 상태	- 사용자가 알림 권한 프롬프트에서 거부하는 경우 - 과거 거부/결정 완료로 인해 시스템 프롬프트가 다시 표시되지 않는 경우 - OS 설정에서 알림이 전역 차단된 경우 - MDM/보안 정책 등으로 알림 설정 변경이 제한되는 경우	- 설정 창의 General 탭이 표시된 상태일 때, 사용자가 해당 인터랙션을 호출하면, 알림 권한 요청이 수행되고 결과가 상태로 반영됨. - 시스템 프롬프트가 표시 가능한 상태일 때, 사용자가 허용하면, 설정 화면의 상태가 “허용됨”으로 갱신됨. - 시스템 프롬프트에서 사용자가 거부하면, 설정 화면의 상태가 “미허용”으로 갱신되고 알림 없이 동작하는 제한 사항이 안내됨. - 시스템 프롬프트를 다시 표시할 수 없는 상태일 때, 사용자가 해당 인터랙션을 호출하면, 시스템 설정에서 알림을 변경하는 방법이 안내되고 “시스템 설정 열기”가 제공됨. - 전역 차단 상태일 때, 상태를 갱신하면, 전역 차단 안내와 변경 경로가 함께 표시됨.
Verify System Permission Status	background	Configure General Settings	SET	SET-002	개발 중	설정(General)에서 Full Disk Access 및 Notifications 권한 상태를 재조회해 최신 상태로 갱신하고, 상태 배지/안내 문구를 업데이트한다.	settings_window.settings_body.tab_general	-	-	- 설정 창이 열려 있고 General 탭이 표시된 상태 - 권한 상태 재조회 트리거(설정 화면 진입, 앱 재활성화 등)가 발생한 상태	- OS 반영 지연으로 권한 상태가 즉시 갱신되지 않는 경우 - OS 버전에 따라 상태 조회 방식이 달라 일시적으로 조회가 실패하는 경우 - 권한 상태 조회 API가 오류를 반환하는 경우	- 설정 창의 General 탭이 표시된 상태일 때, 상태 점검을 실행하면, Full Disk Access 및 Notifications의 권한 상태가 최신 값으로 갱신됨. - 사용자가 시스템 설정에서 권한을 변경하고 앱으로 돌아온 상태일 때, 상태 점검을 실행하면, 변경된 권한 상태가 설정 화면에 반영됨. - 상태 조회가 실패한 상태일 때, 상태 점검을 실행하면, 기존 표시를 유지하고 재시도 안내가 표시됨. - 상태 반영이 지연되는 상태일 때, 상태 점검을 실행하면, 지연 안내가 표시되고 재점검 트리거가 유지됨.
Export User Settings Data	command	Configure General Settings	SET	SET-002	아이디어	현재 사용자 설정(일반/외관/단축키 등)을 파일로 내보내 백업·이전할 수 있도록 함	settings_window.settings_body.tab_general	-	-			
Import User Settings Data	command	Configure General Settings	SET	SET-002	아이디어	내보낸 설정 파일을 가져와 사용자 설정을 복원한다	settings_window.settings_body.tab_general	-	-			
Swtich Theme Mode	input	Configure Appearance Settings	SET	SET-003	배포 완료	라이트/다크/자동 및 강조색, 폰트 사이즈 등을 편집합니다.	settings_window.settings_body.tab_appearance	-	-			
Adjust Text Size	input	Configure Appearance Settings	SET	SET-003	배포 완료	Entires View에 표시되는 각 Entry의 이름 등 텍스트 정보 크기를 키우거나 줄임	settings_window.settings_body.tab_appearance	-	-	-	-	
Adjust Icon Size 	input	Configure Appearance Settings	SET	SET-003	배포 완료	Entires View에 표시되는 각 Entry 아이콘(썸네일) 크기를 키우거나 줄임	settings_window.settings_body.tab_appearance	-	-	-  Entries View가 Icon View로 설정된 상태	-  Entries View가 Icon View로 설정된 상태	
Cutstomize Keyboard Shortcuts	input	Customize Keyboard Shortcut	SET	SET-005	기획 완료	주요 명령의 단축키를 사용자 지정으로 재매핑합니다. 충돌/중복을 검출해 해결 안내.	settings_window.settings_body.tab_shortcuts	-	-			
Highlight Keyboard Shortcut Conflicts	display	Customize Keyboard Shortcut	SET	SET-005	기획 완료	단축키 충돌 표시	settings_window.settings_body.tab_shortcuts	-	-			
Restore Default Keyboard Shortcuts	command	Customize Keyboard Shortcut	SET	SET-005	기획 완료	기본값으로 되돌리기	settings_window.settings_body.tab_shortcuts	-	-			
Start Onboarding Session	background	Run User Onboarding	ONB	ONB-001	배포 완료	앱 실행 직후 온보딩 진입 필요 여부를 판정하고, 필요 시 온보딩 세션을 생성·초기화하며 재개 정책을 적용	onboarding_window	-	-	- 온보딩을 완료하지 않은 상태 - 미완료 온보딩 진행 상태가 존재하는 상태 - 재온보딩이 필요한 상태	- 재온보딩이 필요한 상태인데, 기존 미완료 진행 상태가 함께 존재해 우선순위가 충돌하는 경우 	- 앱 실행 직후일 때, 온보딩이 필요한 상태라면, 온보딩 세션이 생성·초기화되고 첫 스텝 진입이 준비됨 - 온보딩이 필요한 상태일 때, 재온보딩 필요 상태와 미완료 진행 상태가 동시에 존재한다면, 재온보딩을 우선 적용함
Show Onboarding Step	display	Run User Onboarding	ONB	ONB-001	배포 완료	현재 스텝의 안내, 입력 UI, 진행률을 표시	onboarding_window	-	-	- 온보딩 진입이 확정된 상태 - 현재 표시할 스텝이 결정된 상태	-	-
Update Onboarding Step State	background	Run User Onboarding	ONB	ONB-001	배포 완료	사용자가 스텝 내 입력을 변경하면 진행 상태에 반영하고, 상태를 저장해 재개 가능 상태를 유지	onboarding_window	-	-	- 온보딩 스텝이 표시된 상태 	- 입력 저장 직전에 세션이 종료되는 경우	- 온보딩 스텝이 표시된 상태일 때, 입력 변경이 발생하면, 변경 내용이 진행 상태에 반영되고 저장됨 - 입력 저장 직전에 세션이 종료될 때, 세션이 종료되면, 저장 완료된 마지막 진행 상태가 유지됨
Advance Onboarding Step	input	Run User Onboarding	ONB	ONB-001	배포 완료	현재 스텝의 완료 조건을 검증하고, 다음 스텝으로 이동	onboarding_window	-	-	- 온보딩 스텝이 표시된 상태  - 현재 스텝에서 다음 단계 이동 경로가 존재하는 상태  - 현재 스텝의 완료 조건이 충족된 상태	-	- 현재 스텝의 완료 조건이 통과된 상태일 때, 해당 인터랙션을 호출하면, 다음 온보딩 스텝으로 이동함 - 모든 입력을 완료했을 떄, 완료 조건이 미충족인 상태라면, 해당 인터랙션이 비활성화됨
Go Back Onboarding Step	input	Run User Onboarding	ONB	ONB-001	배포 완료	이전 스텝으로 이동하고, 입력값을 복원	onboarding_window	-	-	- 이전 스텝이 존재하는 상태 	-	- 이전 스텝이 존재하는 상태일 때, 해당 인터랙션을 호출하면, 이전 온보딩 스텝으로 이동함  - 이전 스텝으로 이동했을 때, 입력 상태가 존재한다면, 해당 값을 복구함
Resume Onboarding Session	background	Run User Onboarding	ONB	ONB-001	배포 완료	미완료 온보딩이 존재할 경우 마지막 유효 스텝에서 재개	onboarding_window	-	-	- 미완료 온보딩 상태가 저장된 상태 	- 저장된 진행 지점이 현재 온보딩 버전과 불일치하는 경우  - 진행 상태 저장소 접근 실패로 재개를 시작할 수 없는 경우	- 온보딩 세션이 시작되었을 때, 미완료 상태가 있는 상태라면, 마지막 유효 스텝에서 온보딩이 재개됨 - 온보딩 세션을 재개했을 때, 저장된 진행 지점이 현재 온보딩 버전과 불일치하는 상태라면, 온보딩 단계를 초기화함  - 온보딩 세션을 재개했을 때, 진행 상태 저장소 접근을 실패한다면, 온보딩 단계를 초기화함
Complete Onboarding Session	background	Run User Onboarding	ONB	ONB-001	배포 완료	온보딩을 완료 처리하고 파일 관리자 창을 실행	onboarding_window	-	-	- 온보딩의 최종 단계에 도달한 상태 - 마지막 스텝 완료 조건을 충족한 상태.	- 완료 플래그 저장 실패로 다음 실행에서 온보딩이 다시 시작되는 경우 - 완료 후에도 온보딩 화면에서 벗어나지 못하는 경우	- 온보딩의 마지막 스텝에 도달한 상태일 때, 해당 인터랙션을 호출하면, 완료 플래그 저장 후 파일 관리자 창을 실행함
Open Command Palette	command	Invoke Commands	CMP	CMP-001	드래프트	전역 단축키 또는 메뉴에서 커맨드 팔레트를 열고, 검색 입력 필드에 포커스를 이동합니다.						
Close Command Palette	command	Invoke Commands	CMP	CMP-001	드래프트	Esc 등 단축키로 커맨드 팔레트를 닫고, 팔레트 열기 전 포커스가 있던 UI로 되돌립니다.						
Execute Selected Command	command	Invoke Commands	CMP	CMP-001	드래프트	커맨드 팔레트에서 현재 선택된 명령을 실행하고, 해당 명령이 속한 FEATURE의 실제 인터랙션을 호출합니다.						
Execute Last Command Again	command	Invoke Commands	CMP	CMP-001	드래프트	직전에 커맨드 팔레트에서 실행한 명령을 동일한 컨텍스트로 한 번 더 실행합니다.						
Show Available Commands	display	Browse Commands	CMP	CMP-002	드래프트	수집된 명령들을 커맨드 팔레트 리스트로 표시하고, 키보드로 위·아래 탐색할 수 있게 합니다.						
Search Commands by Query	input	Browse Commands	CMP	CMP-002	드래프트	사용자가 팔레트 검색 입력란에 입력한 키워드·별칭을 기준으로 명령 목록을 필터링합니다.						
Show Contextual Command Suggestions	display	Browse Commands	CMP	CMP-002	드래프트	현재 페이지·선택된 엔트리·최근 사용 기록을 기반으로 컨텍스트에 적합한 명령을 추천 영역에 노출합니다.						
Update Command Ranking by Usage	background	Browse Commands	CMP	CMP-002	드래프트	명령 실행 이력을 기록하고, 사용 빈도·컨텍스트 적합도에 따라 검색·추천 시 정렬 우선순위를 조정합니다.	-	-	-			
Focus Navigation Input Field	command	Navigate Workspace	CMP	CMP-003	드래프트	커맨드 팔레트에서 네비게이션용 입력 필드에 포커스를 이동하고, 기존 텍스트를 선택하거나 커서 위치를 설정합니다.						
Search Navigation Targets from Input	background	Navigate Workspace	CMP	CMP-003	드래프트	입력된 텍스트를 기준으로 디렉토리 경로, 콜렉션 타이틀, 채팅 타이틀 등 워크스페이스 내 네비게이션 후보를 검색합니다.	-	-	-			
Show Navigation Results in Palette	display	Navigate Workspace	CMP	CMP-003	드래프트	검색된 네비게이션 후보를 타입별 그룹(디렉토리, 콜렉션, 채팅 등)으로 나누어 커맨드 팔레트 리스트에 표시합니다.						
Complete Path in Navigation Input	background	Navigate Workspace	CMP	CMP-003	드래프트	사용자가 입력한 문자열을 기준으로 현재 위치 또는 루트에서 일치하는 디렉토리/파일 이름을 찾아 경로 자동 완성 후보를 제공합니다.	-	-	-			
Open Directory from Path Input	command	Navigate Workspace	CMP	CMP-003	드래프트	커맨드 팔레트 입력값을 디렉토리 경로로 검증해 유효한 경우, 해당 디렉토리를 현재 탭 또는 새 탭에서 여는 네비게이션 인터랙션을 호출합니다.						
Open Collection from Collection Title	command	Navigate Workspace	CMP	CMP-003	드래프트	커맨드 팔레트에서 선택된 항목 또는 입력값을 콜렉션 타이틀로 해석해, 해당 콜렉션 페이지를 현재 탭 또는 새 탭에서 여는 네비게이션 인터랙션을 호출합니다.						
Open Chat from Chat Title	command	Navigate Workspace	CMP	CMP-003	드래프트	커맨드 팔레트에서 선택된 항목 또는 입력값을 채팅 세션 타이틀로 해석해, 해당 채팅 세션으로 이동하는 네비게이션 인터랙션을 호출합니다.						
Pin Command as Favorite	command	Configure Command Palette	CMP	CMP-004	아이디어	커맨드 팔레트에서 선택한 명령을 “즐겨찾기” 섹션에 고정해 항상 상단에 노출되도록 설정합니다.						
Unpin Command from Favorites	command	Configure Command Palette	CMP	CMP-004	아이디어	즐겨찾기에 고정된 명령을 해제해 일반 명령 목록으로 되돌립니다.						
Change Command Palette Shortcut	command	Configure Command Palette	CMP	CMP-004	아이디어	커맨드 팔레트를 호출하는 전역 단축키를 사용자가 지정한 키 조합으로 변경합니다.						
Toggle Palette Availability Scope	command	Configure Command Palette	CMP	CMP-004	아이디어	커맨드 팔레트가 동작할 앱·윈도우·상태 범위를 설정하거나 토글합니다(예: Voyager 포그라운드일 때만 활성화).						
Toggle Experimental Commands Visibility	command	Configure Command Palette	CMP	CMP-004	아이디어	실험적/베타 명령의 커맨드 팔레트 노출 여부를 on/off 합니다.						
Reset Command Palette Settings	command	Configure Command Palette	CMP	CMP-004	아이디어	커맨드 팔레트 관련 사용자 설정을 모두 초기화하고 기본값으로 되돌립니다.						
Parse Natural-Language Command	background	Process Natural-Language Commands	CMP	CMP-005	아이디어	커맨드 팔레트 입력란에 입력된 자연어 문장을 명령·대상·옵션 후보 구조로 파싱합니다.	-	-	-			
Match Parsed Command to Existing Actions	background	Process Natural-Language Commands	CMP	CMP-005	아이디어	파싱된 자연어 구조를 기반으로 기존 FEATURE의 인터랙션들 중 가장 적합한 명령 조합을 찾습니다.	-	-	-			
Build Command Arguments from Text	background	Process Natural-Language Commands	CMP	CMP-005	아이디어	자연어에서 기간·경로·형식 등 파라미터를 추출해 대상 인터랙션 실행에 필요한 인자를 구성합니다.	-	-	-			
Route Unmatched Request to Chat	background	Process Natural-Language Commands	CMP	CMP-005	아이디어	적절한 명령 조합을 찾지 못한 자연어 요청을 새로운 채팅 세션으로 넘기고 초기 메시지를 구성합니다.	-	-	-			
Quick Look Directory Entries	display	Enhance Quick Look Preview	MFB	MFB-001	드래프트	디렉토리 선택 시 내부 엔트리의 썸네일/리스트를 빠르게 미리보기로 표시합니다.						
Quick Look Archive Entries	display	Enhance Quick Look Preview	MFB	MFB-001	드래프트	아카이브(예: zip) 내부 파일 구조를 미리보기로 표시합니다.						
Hightlght Code Syntax in Quick Look	display	Enhance Quick Look Preview	MFB	MFB-001	드래프트	코드 파일 미리보기에서 언어 감지 후 문법 하이라이트를 적용합니다.						
Format Structued File Privew in Quick Look	display	Enhance Quick Look Preview	MFB	MFB-001	드래프트	JSON/CSV/Markdown 등 구조화 파일을 포맷하여 가독성 있는 테이블/트리/렌더링으로 표시합니다.						